case_id,cycle_idx,variant,selector_type,bucket,result_source,route,actual_route,configured_L,search_l,recall@10,avg_latency_us,p50_latency_us,p95_latency_us,p99_latency_us,qps,mean_candidate_count,mean_route_overhead_us,prefilter_count,graph_count,fallback_count,cpu_cap_enforced,supports_recall_claim,selection_policy,source_prefix
cycle01_retrain_each_cycle_intersect_u1e-03,1,retrain_each_cycle,intersect,u1e-03,original_selected,prefilter,prefilter,75,75,99.95,133.405117,132.358,139.578,152.301,7493.172259,1000.0,49.767,1000,0,0,True,True,post_hoc_retuned_fastest_feasible_recall_ge_98,experiments/pq_drift_1m_aris_main_20260522/indexes/phaseC_cycle01_retrain_each_cycle
cycle01_retrain_each_cycle_intersect_u3e-03,1,retrain_each_cycle,intersect,u3e-03,original_selected,prefilter,prefilter,50,50,99.78,170.723868,169.232,178.042,203.438,5855.801189,3000.0,51.376,1000,0,0,True,True,post_hoc_retuned_fastest_feasible_recall_ge_98,experiments/pq_drift_1m_aris_main_20260522/indexes/phaseC_cycle01_retrain_each_cycle
cycle01_retrain_each_cycle_intersect_u1e-02,1,retrain_each_cycle,intersect,u1e-02,original_selected,prefilter,prefilter,50,50,99.56,307.180679,303.249,330.118,354.584,3254.761937,10000.0,58.602,1000,0,0,True,True,post_hoc_retuned_fastest_feasible_recall_ge_98,experiments/pq_drift_1m_aris_main_20260522/indexes/phaseC_cycle01_retrain_each_cycle
cycle01_retrain_each_cycle_intersect_u5e-02,1,retrain_each_cycle,intersect,u5e-02,original_selected,prefilter,prefilter,50,50,99.15,900.362515,898.479,971.516,1007.797,1110.531631,50000.0,103.88,1000,0,0,True,True,post_hoc_retuned_fastest_feasible_recall_ge_98,experiments/pq_drift_1m_aris_main_20260522/indexes/phaseC_cycle01_retrain_each_cycle
cycle01_retrain_each_cycle_intersect_u1e-01,1,retrain_each_cycle,intersect,u1e-01,original_selected,prefilter,prefilter,50,50,98.24,1623.919511,1555.402,1789.72,1809.305,615.756831,100000.0,147.942,1000,0,0,True,True,post_hoc_retuned_fastest_feasible_recall_ge_98,experiments/pq_drift_1m_aris_main_20260522/indexes/phaseC_cycle01_retrain_each_cycle
cycle01_retrain_each_cycle_intersect_u25,1,retrain_each_cycle,intersect,u25,original_selected,prefilter,prefilter,200,200,98.07,3556.180013,3493.11,3729.964,3768.095,281.190849,250000.0,309.727,1000,0,0,True,True,post_hoc_retuned_fastest_feasible_recall_ge_98,experiments/pq_drift_1m_aris_main_20260522/indexes/phaseC_cycle01_retrain_each_cycle
cycle01_retrain_each_cycle_intersect_u30,1,retrain_each_cycle,intersect,u30,original_selected,prefilter,prefilter,400,400,99.39,4476.771785,4417.935,4653.461,4681.609,223.369152,300000.0,362.672,1000,0,0,True,True,post_hoc_retuned_fastest_feasible_recall_ge_98,experiments/pq_drift_1m_aris_main_20260522/indexes/phaseC_cycle01_retrain_each_cycle
cycle01_retrain_each_cycle_intersect_u50,1,retrain_each_cycle,intersect,u50,original_selected,prefilter,prefilter,400,400,99.11,6990.855059,6933.737,7170.772,7222.935,143.040631,500000.0,577.327,1000,0,0,True,True,post_hoc_retuned_fastest_feasible_recall_ge_98,experiments/pq_drift_1m_aris_main_20260522/indexes/phaseC_cycle01_retrain_each_cycle
cycle01_retrain_each_cycle_intersect_u75,1,retrain_each_cycle,intersect,u75,original_selected,graph,graph,400,400,98.4,8193.29222,8157.869,8436.423,8700.186,122.048566,750000.0,15.593,0,1000,0,True,True,post_hoc_retuned_fastest_feasible_recall_ge_98,experiments/pq_drift_1m_aris_main_20260522/indexes/phaseC_cycle01_retrain_each_cycle
cycle01_retrain_each_cycle_intersect_u100,1,retrain_each_cycle,intersect,u100,original_selected,graph,graph,300,300,98.08,6259.418345,6238.889,6467.864,6692.874,159.755257,1000000.0,15.475,0,1000,0,True,True,post_hoc_retuned_fastest_feasible_recall_ge_98,experiments/pq_drift_1m_aris_main_20260522/indexes/phaseC_cycle01_retrain_each_cycle
cycle01_retrain_each_cycle_range_u1e-03,1,retrain_each_cycle,range,u1e-03,original_selected,prefilter,prefilter,75,75,99.95,133.677931,132.402,139.654,151.686,7476.450322,1000.0,49.419,1000,0,0,True,True,post_hoc_retuned_fastest_feasible_recall_ge_98,experiments/pq_drift_1m_aris_main_20260522/indexes/phaseC_cycle01_retrain_each_cycle
cycle01_retrain_each_cycle_range_u3e-03,1,retrain_each_cycle,range,u3e-03,original_selected,prefilter,prefilter,75,75,99.78,176.648397,175.289,183.681,206.563,5659.217422,3000.0,54.401,1000,0,0,True,True,post_hoc_retuned_fastest_feasible_recall_ge_98,experiments/pq_drift_1m_aris_main_20260522/indexes/phaseC_cycle01_retrain_each_cycle
cycle01_retrain_each_cycle_range_u1e-02,1,retrain_each_cycle,range,u1e-02,original_selected,prefilter,prefilter,100,100,99.56,317.005578,314.823,331.787,363.001,3153.545311,10000.0,65.429,1000,0,0,True,True,post_hoc_retuned_fastest_feasible_recall_ge_98,experiments/pq_drift_1m_aris_main_20260522/indexes/phaseC_cycle01_retrain_each_cycle
cycle01_retrain_each_cycle_range_u5e-02,1,retrain_each_cycle,range,u5e-02,original_selected,prefilter,prefilter,100,100,99.15,922.257546,917.806,998.65,1033.901,1084.156543,50000.0,117.531,1000,0,0,True,True,post_hoc_retuned_fastest_feasible_recall_ge_98,experiments/pq_drift_1m_aris_main_20260522/indexes/phaseC_cycle01_retrain_each_cycle
cycle01_retrain_each_cycle_range_u1e-01,1,retrain_each_cycle,range,u1e-01,original_selected,prefilter,prefilter,150,150,98.24,1641.407522,1576.378,1813.543,1831.587,609.195521,100000.0,165.795,1000,0,0,True,True,post_hoc_retuned_fastest_feasible_recall_ge_98,experiments/pq_drift_1m_aris_main_20260522/indexes/phaseC_cycle01_retrain_each_cycle
cycle01_retrain_each_cycle_range_u25,1,retrain_each_cycle,range,u25,original_selected,prefilter,prefilter,250,250,98.67,3643.535926,3585.591,3822.424,3847.756,274.44551,250000.0,331.171,1000,0,0,True,True,post_hoc_retuned_fastest_feasible_recall_ge_98,experiments/pq_drift_1m_aris_main_20260522/indexes/phaseC_cycle01_retrain_each_cycle
cycle01_retrain_each_cycle_range_u30,1,retrain_each_cycle,range,u30,original_selected,prefilter,prefilter,300,300,99.03,4359.402997,4297.764,4534.269,4549.503,229.381129,300000.0,394.507,1000,0,0,True,True,post_hoc_retuned_fastest_feasible_recall_ge_98,experiments/pq_drift_1m_aris_main_20260522/indexes/phaseC_cycle01_retrain_each_cycle
cycle01_retrain_each_cycle_range_u50,1,retrain_each_cycle,range,u50,original_selected,prefilter,prefilter,250,250,98.29,6762.770617,6703.713,6936.098,6984.492,147.8647,500000.0,611.063,1000,0,0,True,True,post_hoc_retuned_fastest_feasible_recall_ge_98,experiments/pq_drift_1m_aris_main_20260522/indexes/phaseC_cycle01_retrain_each_cycle
cycle01_retrain_each_cycle_range_u75,1,retrain_each_cycle,range,u75,original_selected,graph,mixed,400,400,98.4,8280.981479,8217.307,8628.536,9058.1,120.755986,750000.0,58.265,0,0,1000,True,True,post_hoc_retuned_fastest_feasible_recall_ge_98,experiments/pq_drift_1m_aris_main_20260522/indexes/phaseC_cycle01_retrain_each_cycle
cycle01_retrain_each_cycle_range_u100,1,retrain_each_cycle,range,u100,original_selected,graph,mixed,300,300,98.08,6293.206499,6270.236,6506.266,6719.982,158.897439,1000000.0,61.674,0,0,1000,True,True,post_hoc_retuned_fastest_feasible_recall_ge_98,experiments/pq_drift_1m_aris_main_20260522/indexes/phaseC_cycle01_retrain_each_cycle
cycle01_no_retrain_across_cycles_intersect_u1e-03,1,no_retrain_across_cycles,intersect,u1e-03,original_selected,prefilter,prefilter,50,50,99.94,153.074335,151.893,161.993,200.098,6530.195506,1000.0,51.571,1000,0,0,True,True,post_hoc_retuned_fastest_feasible_recall_ge_98,experiments/pq_drift_1m_aris_main_20260522/indexes/phaseC_cycle01_no_retrain_after_insert
cycle01_no_retrain_across_cycles_intersect_u3e-03,1,no_retrain_across_cycles,intersect,u3e-03,original_selected,prefilter,prefilter,50,50,99.71,202.198647,198.757,221.27,260.233,4943.530496,3000.0,64.557,1000,0,0,True,True,post_hoc_retuned_fastest_feasible_recall_ge_98,experiments/pq_drift_1m_aris_main_20260522/indexes/phaseC_cycle01_no_retrain_after_insert
cycle01_no_retrain_across_cycles_intersect_u1e-02,1,no_retrain_across_cycles,intersect,u1e-02,original_selected,prefilter,prefilter,75,75,99.66,417.443244,412.089,450.637,487.322,2394.788379,10000.0,133.753,1000,0,0,True,True,post_hoc_retuned_fastest_feasible_recall_ge_98,experiments/pq_drift_1m_aris_main_20260522/indexes/phaseC_cycle01_no_retrain_after_insert
cycle01_no_retrain_across_cycles_intersect_u5e-02,1,no_retrain_across_cycles,intersect,u5e-02,original_selected,prefilter,prefilter,75,75,99.26,1142.426079,1130.499,1206.944,1245.476,875.2192,50000.0,226.955,1000,0,0,True,True,post_hoc_retuned_fastest_feasible_recall_ge_98,experiments/pq_drift_1m_aris_main_20260522/indexes/phaseC_cycle01_no_retrain_after_insert
cycle01_no_retrain_across_cycles_intersect_u1e-01,1,no_retrain_across_cycles,intersect,u1e-01,original_selected,prefilter,prefilter,100,100,98.15,1770.397113,1739.654,1979.857,2008.992,564.781514,100000.0,267.197,1000,0,0,True,True,post_hoc_retuned_fastest_feasible_recall_ge_98,experiments/pq_drift_1m_aris_main_20260522/indexes/phaseC_cycle01_no_retrain_after_insert
cycle01_no_retrain_across_cycles_intersect_u25,1,no_retrain_across_cycles,intersect,u25,original_selected,prefilter,prefilter,100,100,98.14,3693.141303,3656.083,3891.643,3919.106,270.758291,250000.0,402.337,1000,0,0,True,True,post_hoc_retuned_fastest_feasible_recall_ge_98,experiments/pq_drift_1m_aris_main_20260522/indexes/phaseC_cycle01_no_retrain_after_insert
cycle01_no_retrain_across_cycles_intersect_u30,1,no_retrain_across_cycles,intersect,u30,original_selected,prefilter,prefilter,250,250,98.7,4613.947169,4416.461,5982.138,6249.095,216.722326,300000.0,455.918,1000,0,0,True,True,post_hoc_retuned_fastest_feasible_recall_ge_98,experiments/pq_drift_1m_aris_main_20260522/indexes/phaseC_cycle01_no_retrain_after_insert
cycle01_no_retrain_across_cycles_intersect_u50,1,no_retrain_across_cycles,intersect,u50,original_selected,prefilter,prefilter,300,300,98.86,7075.570621,6855.011,9538.518,9637.632,141.32792,500000.0,645.349,1000,0,0,True,True,post_hoc_retuned_fastest_feasible_recall_ge_98,experiments/pq_drift_1m_aris_main_20260522/indexes/phaseC_cycle01_no_retrain_after_insert
cycle01_no_retrain_across_cycles_intersect_u75,1,no_retrain_across_cycles,intersect,u75,original_selected,graph,graph,400,400,98.36,8145.047472,8124.023,8445.229,8666.897,122.771848,750000.0,15.928,0,1000,0,True,True,post_hoc_retuned_fastest_feasible_recall_ge_98,experiments/pq_drift_1m_aris_main_20260522/indexes/phaseC_cycle01_no_retrain_after_insert
cycle01_no_retrain_across_cycles_intersect_u100,1,no_retrain_across_cycles,intersect,u100,original_selected,graph,graph,400,400,98.67,8164.669573,8141.936,8448.573,8727.709,122.476461,1000000.0,15.243,0,1000,0,True,True,post_hoc_retuned_fastest_feasible_recall_ge_98,experiments/pq_drift_1m_aris_main_20260522/indexes/phaseC_cycle01_no_retrain_after_insert
cycle01_no_retrain_across_cycles_range_u1e-03,1,no_retrain_across_cycles,range,u1e-03,original_selected,prefilter,prefilter,50,50,99.94,149.068999,147.943,159.097,196.747,6705.187792,1000.0,51.28,1000,0,0,True,True,post_hoc_retuned_fastest_feasible_recall_ge_98,experiments/pq_drift_1m_aris_main_20260522/indexes/phaseC_cycle01_no_retrain_after_insert
cycle01_no_retrain_across_cycles_range_u3e-03,1,no_retrain_across_cycles,range,u3e-03,original_selected,prefilter,prefilter,100,100,99.73,215.876187,212.182,237.778,277.665,4629.782155,3000.0,68.778,1000,0,0,True,True,post_hoc_retuned_fastest_feasible_recall_ge_98,experiments/pq_drift_1m_aris_main_20260522/indexes/phaseC_cycle01_no_retrain_after_insert
cycle01_no_retrain_across_cycles_range_u1e-02,1,no_retrain_across_cycles,range,u1e-02,original_selected,prefilter,prefilter,50,50,99.66,430.220496,425.336,464.112,503.501,2323.719664,10000.0,143.42,1000,0,0,True,True,post_hoc_retuned_fastest_feasible_recall_ge_98,experiments/pq_drift_1m_aris_main_20260522/indexes/phaseC_cycle01_no_retrain_after_insert
cycle01_no_retrain_across_cycles_range_u5e-02,1,no_retrain_across_cycles,range,u5e-02,original_selected,prefilter,prefilter,100,100,99.26,1158.360774,1147.56,1222.84,1271.343,863.176733,50000.0,241.313,1000,0,0,True,True,post_hoc_retuned_fastest_feasible_recall_ge_98,experiments/pq_drift_1m_aris_main_20260522/indexes/phaseC_cycle01_no_retrain_after_insert
cycle01_no_retrain_across_cycles_range_u1e-01,1,no_retrain_across_cycles,range,u1e-01,original_selected,prefilter,prefilter,75,75,98.15,1802.907722,1763.51,2008.366,2061.807,554.599682,100000.0,283.187,1000,0,0,True,True,post_hoc_retuned_fastest_feasible_recall_ge_98,experiments/pq_drift_1m_aris_main_20260522/indexes/phaseC_cycle01_no_retrain_after_insert
cycle01_no_retrain_across_cycles_range_u25,1,no_retrain_across_cycles,range,u25,original_selected,prefilter,prefilter,75,75,98.14,3761.656332,3708.35,3952.356,4009.286,265.827715,250000.0,439.054,1000,0,0,True,True,post_hoc_retuned_fastest_feasible_recall_ge_98,experiments/pq_drift_1m_aris_main_20260522/indexes/phaseC_cycle01_no_retrain_after_insert
cycle01_no_retrain_across_cycles_range_u30,1,no_retrain_across_cycles,range,u30,original_selected,prefilter,prefilter,250,250,98.7,4488.657555,4426.624,4654.482,4718.816,222.772743,300000.0,476.007,1000,0,0,True,True,post_hoc_retuned_fastest_feasible_recall_ge_98,experiments/pq_drift_1m_aris_main_20260522/indexes/phaseC_cycle01_no_retrain_after_insert
cycle01_no_retrain_across_cycles_range_u50,1,no_retrain_across_cycles,range,u50,original_selected,prefilter,prefilter,300,300,98.86,6925.080661,6901.889,6972.184,7399.08,144.398185,500000.0,672.61,1000,0,0,True,True,post_hoc_retuned_fastest_feasible_recall_ge_98,experiments/pq_drift_1m_aris_main_20260522/indexes/phaseC_cycle01_no_retrain_after_insert
cycle01_no_retrain_across_cycles_range_u75,1,no_retrain_across_cycles,range,u75,original_selected,graph,mixed,400,400,98.36,8225.371947,8201.229,8494.093,8760.637,121.572542,750000.0,57.3,0,0,1000,True,True,post_hoc_retuned_fastest_feasible_recall_ge_98,experiments/pq_drift_1m_aris_main_20260522/indexes/phaseC_cycle01_no_retrain_after_insert
cycle01_no_retrain_across_cycles_range_u100,1,no_retrain_across_cycles,range,u100,original_selected,graph,mixed,400,400,98.67,8229.943778,8210.646,8498.118,8788.321,121.505101,1000000.0,59.808,0,0,1000,True,True,post_hoc_retuned_fastest_feasible_recall_ge_98,experiments/pq_drift_1m_aris_main_20260522/indexes/phaseC_cycle01_no_retrain_after_insert
cycle02_retrain_each_cycle_intersect_u1e-03,2,retrain_each_cycle,intersect,u1e-03,original_selected,prefilter,prefilter,50,50,99.86,133.40929,132.26,139.45,148.885,7492.578601,1000.0,49.544,1000,0,0,True,True,post_hoc_retuned_fastest_feasible_recall_ge_98,experiments/pq_drift_1m_aris_main_20260522/indexes/phaseC_cycle02_retrain_each_cycle
cycle02_retrain_each_cycle_intersect_u3e-03,2,retrain_each_cycle,intersect,u3e-03,original_selected,prefilter,prefilter,75,75,99.67,171.408725,169.724,179.719,201.651,5832.179694,3000.0,50.966,1000,0,0,True,True,post_hoc_retuned_fastest_feasible_recall_ge_98,experiments/pq_drift_1m_aris_main_20260522/indexes/phaseC_cycle02_retrain_each_cycle
cycle02_retrain_each_cycle_intersect_u1e-02,2,retrain_each_cycle,intersect,u1e-02,original_selected,prefilter,prefilter,50,50,99.65,304.599724,302.626,316.429,349.431,3282.282215,10000.0,57.641,1000,0,0,True,True,post_hoc_retuned_fastest_feasible_recall_ge_98,experiments/pq_drift_1m_aris_main_20260522/indexes/phaseC_cycle02_retrain_each_cycle
cycle02_retrain_each_cycle_intersect_u5e-02,2,retrain_each_cycle,intersect,u5e-02,original_selected,prefilter,prefilter,50,50,99.28,897.695253,896.67,969.789,1002.094,1113.836633,50000.0,103.095,1000,0,0,True,True,post_hoc_retuned_fastest_feasible_recall_ge_98,experiments/pq_drift_1m_aris_main_20260522/indexes/phaseC_cycle02_retrain_each_cycle
cycle02_retrain_each_cycle_intersect_u1e-01,2,retrain_each_cycle,intersect,u1e-01,original_selected,prefilter,prefilter,150,150,98.64,1603.097739,1553.288,1788.208,1811.621,623.747634,100000.0,147.05,1000,0,0,True,True,post_hoc_retuned_fastest_feasible_recall_ge_98,experiments/pq_drift_1m_aris_main_20260522/indexes/phaseC_cycle02_retrain_each_cycle
cycle02_retrain_each_cycle_intersect_u25,2,retrain_each_cycle,intersect,u25,original_selected,prefilter,prefilter,200,200,98.06,3552.615972,3495.514,3730.159,3766.488,281.47138,250000.0,312.028,1000,0,0,True,True,post_hoc_retuned_fastest_feasible_recall_ge_98,experiments/pq_drift_1m_aris_main_20260522/indexes/phaseC_cycle02_retrain_each_cycle
cycle02_retrain_each_cycle_intersect_u30,2,retrain_each_cycle,intersect,u30,original_selected,prefilter,prefilter,250,250,98.59,4227.62485,4186.491,4423.208,4472.857,236.529962,300000.0,366.415,1000,0,0,True,True,post_hoc_retuned_fastest_feasible_recall_ge_98,experiments/pq_drift_1m_aris_main_20260522/indexes/phaseC_cycle02_retrain_each_cycle
cycle02_retrain_each_cycle_intersect_u50,2,retrain_each_cycle,intersect,u50,original_selected,prefilter,prefilter,400,400,99.23,6987.798442,6926.682,7165.915,7191.918,143.102837,500000.0,578.222,1000,0,0,True,True,post_hoc_retuned_fastest_feasible_recall_ge_98,experiments/pq_drift_1m_aris_main_20260522/indexes/phaseC_cycle02_retrain_each_cycle
cycle02_retrain_each_cycle_intersect_u75,2,retrain_each_cycle,intersect,u75,original_selected,graph,graph,400,400,98.67,8135.153569,8114.596,8365.504,8635.288,122.920833,750000.0,15.485,0,1000,0,True,True,post_hoc_retuned_fastest_feasible_recall_ge_98,experiments/pq_drift_1m_aris_main_20260522/indexes/phaseC_cycle02_retrain_each_cycle
cycle02_retrain_each_cycle_intersect_u100,2,retrain_each_cycle,intersect,u100,original_selected,graph,graph,300,300,98.23,6277.185521,6252.505,6502.855,6770.654,159.30257,1000000.0,15.725,0,1000,0,True,True,post_hoc_retuned_fastest_feasible_recall_ge_98,experiments/pq_drift_1m_aris_main_20260522/indexes/phaseC_cycle02_retrain_each_cycle
cycle02_retrain_each_cycle_range_u1e-03,2,retrain_each_cycle,range,u1e-03,original_selected,prefilter,prefilter,50,50,99.86,134.433995,133.59,141.927,150.289,7435.869603,1000.0,51.559,1000,0,0,True,True,post_hoc_retuned_fastest_feasible_recall_ge_98,experiments/pq_drift_1m_aris_main_20260522/indexes/phaseC_cycle02_retrain_each_cycle
cycle02_retrain_each_cycle_range_u3e-03,2,retrain_each_cycle,range,u3e-03,original_selected,prefilter,prefilter,50,50,99.67,174.176847,172.752,181.649,198.466,5739.338748,3000.0,53.932,1000,0,0,True,True,post_hoc_retuned_fastest_feasible_recall_ge_98,experiments/pq_drift_1m_aris_main_20260522/indexes/phaseC_cycle02_retrain_each_cycle
cycle02_retrain_each_cycle_range_u1e-02,2,retrain_each_cycle,range,u1e-02,original_selected,prefilter,prefilter,50,50,99.65,314.558635,311.931,330.227,365.577,3178.241201,10000.0,65.476,1000,0,0,True,True,post_hoc_retuned_fastest_feasible_recall_ge_98,experiments/pq_drift_1m_aris_main_20260522/indexes/phaseC_cycle02_retrain_each_cycle
cycle02_retrain_each_cycle_range_u5e-02,2,retrain_each_cycle,range,u5e-02,original_selected,prefilter,prefilter,75,75,99.28,942.147813,932.729,1037.635,1062.235,1061.280534,50000.0,119.081,1000,0,0,True,True,post_hoc_retuned_fastest_feasible_recall_ge_98,experiments/pq_drift_1m_aris_main_20260522/indexes/phaseC_cycle02_retrain_each_cycle
cycle02_retrain_each_cycle_range_u1e-01,2,retrain_each_cycle,range,u1e-01,original_selected,prefilter,prefilter,50,50,98.64,1616.147064,1569.559,1806.617,1829.779,618.720544,100000.0,167.376,1000,0,0,True,True,post_hoc_retuned_fastest_feasible_recall_ge_98,experiments/pq_drift_1m_aris_main_20260522/indexes/phaseC_cycle02_retrain_each_cycle
cycle02_retrain_each_cycle_range_u25,2,retrain_each_cycle,range,u25,original_selected,prefilter,prefilter,200,200,98.06,3576.441492,3518.619,3749.47,3787.668,279.597739,250000.0,334.199,1000,0,0,True,True,post_hoc_retuned_fastest_feasible_recall_ge_98,experiments/pq_drift_1m_aris_main_20260522/indexes/phaseC_cycle02_retrain_each_cycle
cycle02_retrain_each_cycle_range_u30,2,retrain_each_cycle,range,u30,original_selected,prefilter,prefilter,250,250,98.59,4263.248824,4219.385,4464.92,4504.824,234.5549,300000.0,396.522,1000,0,0,True,True,post_hoc_retuned_fastest_feasible_recall_ge_98,experiments/pq_drift_1m_aris_main_20260522/indexes/phaseC_cycle02_retrain_each_cycle
cycle02_retrain_each_cycle_range_u50,2,retrain_each_cycle,range,u50,original_selected,prefilter,prefilter,250,250,98.17,6758.293956,6714.158,6955.019,6997.942,147.963023,500000.0,622.306,1000,0,0,True,True,post_hoc_retuned_fastest_feasible_recall_ge_98,experiments/pq_drift_1m_aris_main_20260522/indexes/phaseC_cycle02_retrain_each_cycle
cycle02_retrain_each_cycle_range_u75,2,retrain_each_cycle,range,u75,original_selected,graph,mixed,400,400,98.67,8219.344122,8191.646,8471.977,8712.35,121.661682,750000.0,57.008,0,0,1000,True,True,post_hoc_retuned_fastest_feasible_recall_ge_98,experiments/pq_drift_1m_aris_main_20260522/indexes/phaseC_cycle02_retrain_each_cycle
cycle02_retrain_each_cycle_range_u100,2,retrain_each_cycle,range,u100,original_selected,graph,mixed,300,300,98.23,6288.811679,6269.332,6512.064,6717.67,159.008589,1000000.0,61.881,0,0,1000,True,True,post_hoc_retuned_fastest_feasible_recall_ge_98,experiments/pq_drift_1m_aris_main_20260522/indexes/phaseC_cycle02_retrain_each_cycle
cycle02_no_retrain_across_cycles_intersect_u1e-03,2,no_retrain_across_cycles,intersect,u1e-03,original_selected,prefilter,prefilter,50,50,99.92,152.725193,151.388,165.35,215.64,6544.855989,1000.0,51.636,1000,0,0,True,True,post_hoc_retuned_fastest_feasible_recall_ge_98,experiments/pq_drift_1m_aris_main_20260522/indexes/phaseC_cycle02_no_retrain_after_insert
cycle02_no_retrain_across_cycles_intersect_u3e-03,2,no_retrain_across_cycles,intersect,u3e-03,original_selected,prefilter,prefilter,75,75,99.79,202.344139,198.563,222.823,275.15,4939.394518,3000.0,63.505,1000,0,0,True,True,post_hoc_retuned_fastest_feasible_recall_ge_98,experiments/pq_drift_1m_aris_main_20260522/indexes/phaseC_cycle02_no_retrain_after_insert
cycle02_no_retrain_across_cycles_intersect_u1e-02,2,no_retrain_across_cycles,intersect,u1e-02,original_selected,prefilter,prefilter,50,50,99.65,416.435788,410.989,453.214,494.848,2400.572235,10000.0,132.862,1000,0,0,True,True,post_hoc_retuned_fastest_feasible_recall_ge_98,experiments/pq_drift_1m_aris_main_20260522/indexes/phaseC_cycle02_no_retrain_after_insert
cycle02_no_retrain_across_cycles_intersect_u5e-02,2,no_retrain_across_cycles,intersect,u5e-02,original_selected,prefilter,prefilter,75,75,99.25,1140.435047,1125.232,1209.481,1239.946,876.753245,50000.0,228.466,1000,0,0,True,True,post_hoc_retuned_fastest_feasible_recall_ge_98,experiments/pq_drift_1m_aris_main_20260522/indexes/phaseC_cycle02_no_retrain_after_insert
cycle02_no_retrain_across_cycles_intersect_u1e-01,2,no_retrain_across_cycles,intersect,u1e-01,original_selected,prefilter,prefilter,50,50,98.58,1794.15541,1743.816,1991.689,2013.26,557.31926,100000.0,265.106,1000,0,0,True,True,post_hoc_retuned_fastest_feasible_recall_ge_98,experiments/pq_drift_1m_aris_main_20260522/indexes/phaseC_cycle02_no_retrain_after_insert
cycle02_no_retrain_across_cycles_intersect_u25,2,no_retrain_across_cycles,intersect,u25,original_selected,prefilter,prefilter,50,50,98.37,3715.551034,3673.217,3915.955,3952.605,269.124735,250000.0,406.044,1000,0,0,True,True,post_hoc_retuned_fastest_feasible_recall_ge_98,experiments/pq_drift_1m_aris_main_20260522/indexes/phaseC_cycle02_no_retrain_after_insert
cycle02_no_retrain_across_cycles_intersect_u30,2,no_retrain_across_cycles,intersect,u30,original_selected,prefilter,prefilter,200,200,98.21,4363.908551,4295.764,4537.666,4615.333,229.142005,300000.0,443.549,1000,0,0,True,True,post_hoc_retuned_fastest_feasible_recall_ge_98,experiments/pq_drift_1m_aris_main_20260522/indexes/phaseC_cycle02_no_retrain_after_insert
cycle02_no_retrain_across_cycles_intersect_u50,2,no_retrain_across_cycles,intersect,u50,original_selected,prefilter,prefilter,300,300,99.02,6868.153984,6843.254,6959.455,7157.527,145.594518,500000.0,627.662,1000,0,0,True,True,post_hoc_retuned_fastest_feasible_recall_ge_98,experiments/pq_drift_1m_aris_main_20260522/indexes/phaseC_cycle02_no_retrain_after_insert
cycle02_no_retrain_across_cycles_intersect_u75,2,no_retrain_across_cycles,intersect,u75,original_selected,graph,graph,400,400,98.06,8190.217501,8175.474,8454.007,8661.305,122.094613,750000.0,15.008,0,1000,0,True,True,post_hoc_retuned_fastest_feasible_recall_ge_98,experiments/pq_drift_1m_aris_main_20260522/indexes/phaseC_cycle02_no_retrain_after_insert
cycle02_no_retrain_across_cycles_intersect_u100,2,no_retrain_across_cycles,intersect,u100,original_selected,graph,graph,400,400,98.55,8236.250446,8208.789,8533.216,8764.417,121.412091,1000000.0,15.861,0,1000,0,True,True,post_hoc_retuned_fastest_feasible_recall_ge_98,experiments/pq_drift_1m_aris_main_20260522/indexes/phaseC_cycle02_no_retrain_after_insert
cycle02_no_retrain_across_cycles_range_u1e-03,2,no_retrain_across_cycles,range,u1e-03,original_selected,prefilter,prefilter,75,75,99.92,194.185428,198.993,244.862,300.078,5147.467506,1000.0,65.011,1000,0,0,True,True,post_hoc_retuned_fastest_feasible_recall_ge_98,experiments/pq_drift_1m_aris_main_20260522/indexes/phaseC_cycle02_no_retrain_after_insert
cycle02_no_retrain_across_cycles_range_u3e-03,2,no_retrain_across_cycles,range,u3e-03,original_selected,prefilter,prefilter,50,50,99.79,210.041051,206.557,229.284,266.279,4758.490998,3000.0,67.237,1000,0,0,True,True,post_hoc_retuned_fastest_feasible_recall_ge_98,experiments/pq_drift_1m_aris_main_20260522/indexes/phaseC_cycle02_no_retrain_after_insert
cycle02_no_retrain_across_cycles_range_u1e-02,2,no_retrain_across_cycles,range,u1e-02,original_selected,prefilter,prefilter,50,50,99.65,429.444784,424.941,463.442,500.382,2327.87563,10000.0,143.141,1000,0,0,True,True,post_hoc_retuned_fastest_feasible_recall_ge_98,experiments/pq_drift_1m_aris_main_20260522/indexes/phaseC_cycle02_no_retrain_after_insert
cycle02_no_retrain_across_cycles_range_u5e-02,2,no_retrain_across_cycles,range,u5e-02,original_selected,prefilter,prefilter,100,100,99.25,1153.198878,1138.882,1216.447,1289.538,867.021613,50000.0,236.683,1000,0,0,True,True,post_hoc_retuned_fastest_feasible_recall_ge_98,experiments/pq_drift_1m_aris_main_20260522/indexes/phaseC_cycle02_no_retrain_after_insert
cycle02_no_retrain_across_cycles_range_u1e-01,2,no_retrain_across_cycles,range,u1e-01,original_selected,prefilter,prefilter,150,150,98.58,1825.042147,1771.517,2016.428,2048.364,547.875684,100000.0,286.792,1000,0,0,True,True,post_hoc_retuned_fastest_feasible_recall_ge_98,experiments/pq_drift_1m_aris_main_20260522/indexes/phaseC_cycle02_no_retrain_after_insert
cycle02_no_retrain_across_cycles_range_u25,2,no_retrain_across_cycles,range,u25,original_selected,prefilter,prefilter,100,100,98.37,3760.581595,3704.73,3944.628,3987.317,265.903502,250000.0,427.741,1000,0,0,True,True,post_hoc_retuned_fastest_feasible_recall_ge_98,experiments/pq_drift_1m_aris_main_20260522/indexes/phaseC_cycle02_no_retrain_after_insert
cycle02_no_retrain_across_cycles_range_u30,2,no_retrain_across_cycles,range,u30,original_selected,prefilter,prefilter,50,50,98.0,4358.978436,4309.323,4558.567,4624.854,229.400336,300000.0,475.439,1000,0,0,True,True,post_hoc_retuned_fastest_feasible_recall_ge_98,experiments/pq_drift_1m_aris_main_20260522/indexes/phaseC_cycle02_no_retrain_after_insert
cycle02_no_retrain_across_cycles_range_u50,2,no_retrain_across_cycles,range,u50,original_selected,prefilter,prefilter,250,250,98.52,6905.031912,6865.947,7143.948,7378.83,144.816739,500000.0,669.992,1000,0,0,True,True,post_hoc_retuned_fastest_feasible_recall_ge_98,experiments/pq_drift_1m_aris_main_20260522/indexes/phaseC_cycle02_no_retrain_after_insert
cycle02_no_retrain_across_cycles_range_u75,2,no_retrain_across_cycles,range,u75,original_selected,graph,mixed,400,400,98.06,8244.378115,8189.794,8723.148,9476.437,121.292138,750000.0,58.691,0,0,1000,True,True,post_hoc_retuned_fastest_feasible_recall_ge_98,experiments/pq_drift_1m_aris_main_20260522/indexes/phaseC_cycle02_no_retrain_after_insert
cycle02_no_retrain_across_cycles_range_u100,2,no_retrain_across_cycles,range,u100,original_selected,graph,mixed,400,400,98.55,8368.605336,8295.638,8933.584,9288.107,119.491498,1000000.0,67.2,0,0,1000,True,True,post_hoc_retuned_fastest_feasible_recall_ge_98,experiments/pq_drift_1m_aris_main_20260522/indexes/phaseC_cycle02_no_retrain_after_insert
cycle03_retrain_each_cycle_intersect_u1e-03,3,retrain_each_cycle,intersect,u1e-03,original_selected,prefilter,prefilter,50,50,99.96,132.646444,131.393,137.839,149.417,7536.058646,1000.0,49.858,1000,0,0,True,True,post_hoc_retuned_fastest_feasible_recall_ge_98,experiments/pq_drift_1m_aris_main_20260522/indexes/phaseC_cycle03_retrain_each_cycle
cycle03_retrain_each_cycle_intersect_u3e-03,3,retrain_each_cycle,intersect,u3e-03,original_selected,prefilter,prefilter,50,50,99.46,170.750443,168.968,180.001,201.69,5854.384206,3000.0,50.984,1000,0,0,True,True,post_hoc_retuned_fastest_feasible_recall_ge_98,experiments/pq_drift_1m_aris_main_20260522/indexes/phaseC_cycle03_retrain_each_cycle
cycle03_retrain_each_cycle_intersect_u1e-02,3,retrain_each_cycle,intersect,u1e-02,original_selected,prefilter,prefilter,50,50,99.53,303.597956,301.268,316.664,351.417,3292.946497,10000.0,57.082,1000,0,0,True,True,post_hoc_retuned_fastest_feasible_recall_ge_98,experiments/pq_drift_1m_aris_main_20260522/indexes/phaseC_cycle03_retrain_each_cycle
cycle03_retrain_each_cycle_intersect_u5e-02,3,retrain_each_cycle,intersect,u5e-02,original_selected,prefilter,prefilter,50,50,99.15,898.173848,894.746,970.514,1006.144,1113.22179,50000.0,101.91,1000,0,0,True,True,post_hoc_retuned_fastest_feasible_recall_ge_98,experiments/pq_drift_1m_aris_main_20260522/indexes/phaseC_cycle03_retrain_each_cycle
cycle03_retrain_each_cycle_intersect_u1e-01,3,retrain_each_cycle,intersect,u1e-01,original_selected,prefilter,prefilter,50,50,98.74,1609.221043,1552.109,1792.604,1815.987,621.380654,100000.0,147.937,1000,0,0,True,True,post_hoc_retuned_fastest_feasible_recall_ge_98,experiments/pq_drift_1m_aris_main_20260522/indexes/phaseC_cycle03_retrain_each_cycle
cycle03_retrain_each_cycle_intersect_u25,3,retrain_each_cycle,intersect,u25,original_selected,prefilter,prefilter,400,400,98.22,3949.803168,3858.861,4111.267,5613.181,253.166349,250000.0,312.963,1000,0,0,True,True,post_hoc_retuned_fastest_feasible_recall_ge_98,experiments/pq_drift_1m_aris_main_20260522/indexes/phaseC_cycle03_retrain_each_cycle
cycle03_retrain_each_cycle_intersect_u30,3,retrain_each_cycle,intersect,u30,original_selected,prefilter,prefilter,400,400,98.21,4483.2187,4428.063,4664.866,4743.635,223.046731,300000.0,363.262,1000,0,0,True,True,post_hoc_retuned_fastest_feasible_recall_ge_98,experiments/pq_drift_1m_aris_main_20260522/indexes/phaseC_cycle03_retrain_each_cycle
cycle03_retrain_each_cycle_intersect_u50,3,retrain_each_cycle,intersect,u50,original_selected,prefilter,prefilter,400,400,98.35,6983.174477,6920.476,7158.953,7206.013,143.198045,500000.0,577.282,1000,0,0,True,True,post_hoc_retuned_fastest_feasible_recall_ge_98,experiments/pq_drift_1m_aris_main_20260522/indexes/phaseC_cycle03_retrain_each_cycle
cycle03_retrain_each_cycle_intersect_u75,3,retrain_each_cycle,intersect,u75,phase2_targeted_rerun_replacement,graph,graph,450,450,98.03,9168.319242,9120.914,9503.304,9981.295,109.069106,750000.0,16.43,0,1000,0,True,True,expanded_l_sweep_fastest_feasible_recall_ge_98_with_L450_L470_targeted_rerun,experiments/pq_drift_1m_aris_main_20260522/indexes/phaseC_cycle03_retrain_each_cycle
cycle03_retrain_each_cycle_intersect_u100,3,retrain_each_cycle,intersect,u100,original_selected,graph,graph,400,400,98.03,8293.523215,8125.052,9972.903,11512.773,120.573401,1000000.0,15.542,0,1000,0,True,True,post_hoc_retuned_fastest_feasible_recall_ge_98,experiments/pq_drift_1m_aris_main_20260522/indexes/phaseC_cycle03_retrain_each_cycle
cycle03_retrain_each_cycle_range_u1e-03,3,retrain_each_cycle,range,u1e-03,original_selected,prefilter,prefilter,75,75,99.96,133.320683,131.756,139.523,160.614,7497.616114,1000.0,49.851,1000,0,0,True,True,post_hoc_retuned_fastest_feasible_recall_ge_98,experiments/pq_drift_1m_aris_main_20260522/indexes/phaseC_cycle03_retrain_each_cycle
cycle03_retrain_each_cycle_range_u3e-03,3,retrain_each_cycle,range,u3e-03,original_selected,prefilter,prefilter,75,75,99.46,231.831481,230.479,239.526,265.196,4312.170772,3000.0,71.435,1000,0,0,True,True,post_hoc_retuned_fastest_feasible_recall_ge_98,experiments/pq_drift_1m_aris_main_20260522/indexes/phaseC_cycle03_retrain_each_cycle
cycle03_retrain_each_cycle_range_u1e-02,3,retrain_each_cycle,range,u1e-02,original_selected,prefilter,prefilter,75,75,99.53,316.683413,313.539,331.845,364.202,3156.793458,10000.0,66.886,1000,0,0,True,True,post_hoc_retuned_fastest_feasible_recall_ge_98,experiments/pq_drift_1m_aris_main_20260522/indexes/phaseC_cycle03_retrain_each_cycle
cycle03_retrain_each_cycle_range_u5e-02,3,retrain_each_cycle,range,u5e-02,original_selected,prefilter,prefilter,150,150,99.15,914.659247,913.476,987.392,1027.682,1093.15291,50000.0,115.815,1000,0,0,True,True,post_hoc_retuned_fastest_feasible_recall_ge_98,experiments/pq_drift_1m_aris_main_20260522/indexes/phaseC_cycle03_retrain_each_cycle
cycle03_retrain_each_cycle_range_u1e-01,3,retrain_each_cycle,range,u1e-01,original_selected,prefilter,prefilter,100,100,98.74,1629.741813,1576.769,1812.813,1841.337,613.544968,100000.0,167.811,1000,0,0,True,True,post_hoc_retuned_fastest_feasible_recall_ge_98,experiments/pq_drift_1m_aris_main_20260522/indexes/phaseC_cycle03_retrain_each_cycle
cycle03_retrain_each_cycle_range_u25,3,retrain_each_cycle,range,u25,original_selected,prefilter,prefilter,400,400,98.22,4718.960177,5161.112,5653.317,5752.258,211.902332,250000.0,411.404,1000,0,0,True,True,post_hoc_retuned_fastest_feasible_recall_ge_98,experiments/pq_drift_1m_aris_main_20260522/indexes/phaseC_cycle03_retrain_each_cycle
cycle03_retrain_each_cycle_range_u30,3,retrain_each_cycle,range,u30,original_selected,prefilter,prefilter,400,400,98.21,4558.463586,4512.407,4757.191,4824.057,219.365301,300000.0,397.977,1000,0,0,True,True,post_hoc_retuned_fastest_feasible_recall_ge_98,experiments/pq_drift_1m_aris_main_20260522/indexes/phaseC_cycle03_retrain_each_cycle
cycle03_retrain_each_cycle_range_u50,3,retrain_each_cycle,range,u50,original_selected,prefilter,prefilter,400,400,98.35,7013.844852,6957.068,7193.313,7215.449,142.571474,500000.0,614.943,1000,0,0,True,True,post_hoc_retuned_fastest_feasible_recall_ge_98,experiments/pq_drift_1m_aris_main_20260522/indexes/phaseC_cycle03_retrain_each_cycle
cycle03_retrain_each_cycle_range_u75,3,retrain_each_cycle,range,u75,phase2_targeted_rerun_replacement,graph,mixed,450,450,98.03,9235.470215,9156.891,9681.133,9960.828,108.276044,750000.0,63.192,0,0,1000,True,True,expanded_l_sweep_fastest_feasible_recall_ge_98_with_L450_L470_targeted_rerun,experiments/pq_drift_1m_aris_main_20260522/indexes/phaseC_cycle03_retrain_each_cycle
cycle03_retrain_each_cycle_range_u100,3,retrain_each_cycle,range,u100,original_selected,graph,mixed,400,400,98.03,8275.54639,8233.94,8612.315,9025.984,120.835398,1000000.0,66.262,0,0,1000,True,True,post_hoc_retuned_fastest_feasible_recall_ge_98,experiments/pq_drift_1m_aris_main_20260522/indexes/phaseC_cycle03_retrain_each_cycle
cycle03_no_retrain_across_cycles_intersect_u1e-03,3,no_retrain_across_cycles,intersect,u1e-03,original_selected,prefilter,prefilter,50,50,99.94,149.856685,148.396,164.542,206.808,6670.297621,1000.0,51.301,1000,0,0,True,True,post_hoc_retuned_fastest_feasible_recall_ge_98,experiments/pq_drift_1m_aris_main_20260522/indexes/phaseC_cycle03_no_retrain_after_insert
cycle03_no_retrain_across_cycles_intersect_u3e-03,3,no_retrain_across_cycles,intersect,u3e-03,original_selected,prefilter,prefilter,50,50,99.72,201.100915,197.847,218.709,257.216,4970.517549,3000.0,63.563,1000,0,0,True,True,post_hoc_retuned_fastest_feasible_recall_ge_98,experiments/pq_drift_1m_aris_main_20260522/indexes/phaseC_cycle03_no_retrain_after_insert
cycle03_no_retrain_across_cycles_intersect_u1e-02,3,no_retrain_across_cycles,intersect,u1e-02,original_selected,prefilter,prefilter,100,100,99.6,477.532712,427.237,703.702,749.425,2093.358199,10000.0,144.999,1000,0,0,True,True,post_hoc_retuned_fastest_feasible_recall_ge_98,experiments/pq_drift_1m_aris_main_20260522/indexes/phaseC_cycle03_no_retrain_after_insert
cycle03_no_retrain_across_cycles_intersect_u5e-02,3,no_retrain_across_cycles,intersect,u5e-02,original_selected,prefilter,prefilter,75,75,99.31,1125.1228,1115.183,1201.796,1229.298,888.674579,50000.0,225.331,1000,0,0,True,True,post_hoc_retuned_fastest_feasible_recall_ge_98,experiments/pq_drift_1m_aris_main_20260522/indexes/phaseC_cycle03_no_retrain_after_insert
cycle03_no_retrain_across_cycles_intersect_u1e-01,3,no_retrain_across_cycles,intersect,u1e-01,original_selected,prefilter,prefilter,50,50,98.57,1762.06609,1734.742,1966.352,1994.125,567.464989,100000.0,264.916,1000,0,0,True,True,post_hoc_retuned_fastest_feasible_recall_ge_98,experiments/pq_drift_1m_aris_main_20260522/indexes/phaseC_cycle03_no_retrain_after_insert
cycle03_no_retrain_across_cycles_intersect_u25,3,no_retrain_across_cycles,intersect,u25,original_selected,prefilter,prefilter,300,300,98.03,3921.176371,3854.628,4095.468,4373.62,255.010194,250000.0,404.319,1000,0,0,True,True,post_hoc_retuned_fastest_feasible_recall_ge_98,experiments/pq_drift_1m_aris_main_20260522/indexes/phaseC_cycle03_no_retrain_after_insert
cycle03_no_retrain_across_cycles_intersect_u30,3,no_retrain_across_cycles,intersect,u30,original_selected,prefilter,prefilter,300,300,98.14,4859.119913,4778.676,4996.677,5055.759,205.791008,300000.0,443.879,1000,0,0,True,True,post_hoc_retuned_fastest_feasible_recall_ge_98,experiments/pq_drift_1m_aris_main_20260522/indexes/phaseC_cycle03_no_retrain_after_insert
cycle03_no_retrain_across_cycles_intersect_u50,3,no_retrain_across_cycles,intersect,u50,original_selected,prefilter,prefilter,300,300,98.06,6878.650473,6850.485,7013.116,7115.228,145.372473,500000.0,627.051,1000,0,0,True,True,post_hoc_retuned_fastest_feasible_recall_ge_98,experiments/pq_drift_1m_aris_main_20260522/indexes/phaseC_cycle03_no_retrain_after_insert
cycle03_no_retrain_across_cycles_intersect_u75,3,no_retrain_across_cycles,intersect,u75,phase2_targeted_rerun_replacement,graph,graph,450,450,98.03,9220.478621,9119.072,9519.134,10041.659,108.452145,750000.0,16.013,0,1000,0,True,True,expanded_l_sweep_fastest_feasible_recall_ge_98_with_L450_L470_targeted_rerun,experiments/pq_drift_1m_aris_main_20260522/indexes/phaseC_cycle03_no_retrain_after_insert
cycle03_no_retrain_across_cycles_intersect_u100,3,no_retrain_across_cycles,intersect,u100,phase2_targeted_rerun_replacement,graph,graph,450,450,98.2,9203.771125,9120.882,9755.21,10374.416,108.649092,1000000.0,17.356,0,1000,0,True,True,expanded_l_sweep_fastest_feasible_recall_ge_98_with_L450_L470_targeted_rerun,experiments/pq_drift_1m_aris_main_20260522/indexes/phaseC_cycle03_no_retrain_after_insert
cycle03_no_retrain_across_cycles_range_u1e-03,3,no_retrain_across_cycles,range,u1e-03,original_selected,prefilter,prefilter,50,50,99.94,149.15501,147.956,159.361,202.821,6701.626011,1000.0,51.34,1000,0,0,True,True,post_hoc_retuned_fastest_feasible_recall_ge_98,experiments/pq_drift_1m_aris_main_20260522/indexes/phaseC_cycle03_no_retrain_after_insert
cycle03_no_retrain_across_cycles_range_u3e-03,3,no_retrain_across_cycles,range,u3e-03,original_selected,prefilter,prefilter,75,75,99.72,280.030165,276.696,301.67,367.022,3569.053112,3000.0,90.31,1000,0,0,True,True,post_hoc_retuned_fastest_feasible_recall_ge_98,experiments/pq_drift_1m_aris_main_20260522/indexes/phaseC_cycle03_no_retrain_after_insert
cycle03_no_retrain_across_cycles_range_u1e-02,3,no_retrain_across_cycles,range,u1e-02,original_selected,prefilter,prefilter,50,50,99.6,426.610549,421.852,459.629,493.72,2343.152752,10000.0,143.201,1000,0,0,True,True,post_hoc_retuned_fastest_feasible_recall_ge_98,experiments/pq_drift_1m_aris_main_20260522/indexes/phaseC_cycle03_no_retrain_after_insert
cycle03_no_retrain_across_cycles_range_u5e-02,3,no_retrain_across_cycles,range,u5e-02,original_selected,prefilter,prefilter,100,100,99.31,1150.842404,1135.848,1214.668,1252.5,868.821744,50000.0,238.292,1000,0,0,True,True,post_hoc_retuned_fastest_feasible_recall_ge_98,experiments/pq_drift_1m_aris_main_20260522/indexes/phaseC_cycle03_no_retrain_after_insert
cycle03_no_retrain_across_cycles_range_u1e-01,3,no_retrain_across_cycles,range,u1e-01,original_selected,prefilter,prefilter,75,75,98.57,1799.835953,1770.938,2004.802,2032.034,555.558588,100000.0,281.799,1000,0,0,True,True,post_hoc_retuned_fastest_feasible_recall_ge_98,experiments/pq_drift_1m_aris_main_20260522/indexes/phaseC_cycle03_no_retrain_after_insert
cycle03_no_retrain_across_cycles_range_u25,3,no_retrain_across_cycles,range,u25,original_selected,prefilter,prefilter,300,300,98.03,3952.158859,3888.728,4125.395,4159.589,253.014098,250000.0,429.85,1000,0,0,True,True,post_hoc_retuned_fastest_feasible_recall_ge_98,experiments/pq_drift_1m_aris_main_20260522/indexes/phaseC_cycle03_no_retrain_after_insert
cycle03_no_retrain_across_cycles_range_u30,3,no_retrain_across_cycles,range,u30,original_selected,prefilter,prefilter,300,300,98.14,4748.953171,4509.452,6137.836,6180.446,210.561298,300000.0,495.724,1000,0,0,True,True,post_hoc_retuned_fastest_feasible_recall_ge_98,experiments/pq_drift_1m_aris_main_20260522/indexes/phaseC_cycle03_no_retrain_after_insert
cycle03_no_retrain_across_cycles_range_u50,3,no_retrain_across_cycles,range,u50,original_selected,prefilter,prefilter,300,300,98.06,6903.487951,6888.221,6930.032,7158.859,144.850313,500000.0,667.955,1000,0,0,True,True,post_hoc_retuned_fastest_feasible_recall_ge_98,experiments/pq_drift_1m_aris_main_20260522/indexes/phaseC_cycle03_no_retrain_after_insert
cycle03_no_retrain_across_cycles_range_u75,3,no_retrain_across_cycles,range,u75,phase2_targeted_rerun_replacement,graph,mixed,450,450,98.03,9221.141705,9179.352,9525.426,9867.717,108.444371,750000.0,56.905,0,0,1000,True,True,expanded_l_sweep_fastest_feasible_recall_ge_98_with_L450_L470_targeted_rerun,experiments/pq_drift_1m_aris_main_20260522/indexes/phaseC_cycle03_no_retrain_after_insert
cycle03_no_retrain_across_cycles_range_u100,3,no_retrain_across_cycles,range,u100,phase2_targeted_rerun_replacement,graph,mixed,450,450,98.2,9327.029978,9214.155,9810.12,10338.342,107.213411,1000000.0,62.022,0,0,1000,True,True,expanded_l_sweep_fastest_feasible_recall_ge_98_with_L450_L470_targeted_rerun,experiments/pq_drift_1m_aris_main_20260522/indexes/phaseC_cycle03_no_retrain_after_insert
cycle04_retrain_each_cycle_intersect_u1e-03,4,retrain_each_cycle,intersect,u1e-03,original_selected,prefilter,prefilter,50,50,99.98,132.510972,131.548,138.408,148.651,7543.391284,1000.0,49.595,1000,0,0,True,True,post_hoc_retuned_fastest_feasible_recall_ge_98,experiments/pq_drift_1m_aris_main_20260522/indexes/phaseC_cycle04_retrain_each_cycle
cycle04_retrain_each_cycle_intersect_u3e-03,4,retrain_each_cycle,intersect,u3e-03,original_selected,prefilter,prefilter,50,50,99.78,170.748661,169.39,177.566,196.134,5854.357198,3000.0,51.211,1000,0,0,True,True,post_hoc_retuned_fastest_feasible_recall_ge_98,experiments/pq_drift_1m_aris_main_20260522/indexes/phaseC_cycle04_retrain_each_cycle
cycle04_retrain_each_cycle_intersect_u1e-02,4,retrain_each_cycle,intersect,u1e-02,original_selected,prefilter,prefilter,50,50,99.6,305.907814,303.719,317.725,350.742,3268.239417,10000.0,58.868,1000,0,0,True,True,post_hoc_retuned_fastest_feasible_recall_ge_98,experiments/pq_drift_1m_aris_main_20260522/indexes/phaseC_cycle04_retrain_each_cycle
cycle04_retrain_each_cycle_intersect_u5e-02,4,retrain_each_cycle,intersect,u5e-02,original_selected,prefilter,prefilter,50,50,99.18,900.581685,897.107,972.778,1018.873,1110.272933,50000.0,102.443,1000,0,0,True,True,post_hoc_retuned_fastest_feasible_recall_ge_98,experiments/pq_drift_1m_aris_main_20260522/indexes/phaseC_cycle04_retrain_each_cycle
cycle04_retrain_each_cycle_intersect_u1e-01,4,retrain_each_cycle,intersect,u1e-01,original_selected,prefilter,prefilter,150,150,98.92,1611.552438,1557.193,1792.004,1811.866,620.468335,100000.0,147.559,1000,0,0,True,True,post_hoc_retuned_fastest_feasible_recall_ge_98,experiments/pq_drift_1m_aris_main_20260522/indexes/phaseC_cycle04_retrain_each_cycle
cycle04_retrain_each_cycle_intersect_u25,4,retrain_each_cycle,intersect,u25,original_selected,prefilter,prefilter,300,300,98.34,3689.723178,3640.258,3874.294,3909.507,271.013163,250000.0,311.123,1000,0,0,True,True,post_hoc_retuned_fastest_feasible_recall_ge_98,experiments/pq_drift_1m_aris_main_20260522/indexes/phaseC_cycle04_retrain_each_cycle
cycle04_retrain_each_cycle_intersect_u30,4,retrain_each_cycle,intersect,u30,original_selected,prefilter,prefilter,300,300,98.35,4308.865057,4259.894,4502.249,4542.553,232.07055,300000.0,363.435,1000,0,0,True,True,post_hoc_retuned_fastest_feasible_recall_ge_98,experiments/pq_drift_1m_aris_main_20260522/indexes/phaseC_cycle04_retrain_each_cycle
cycle04_retrain_each_cycle_intersect_u50,4,retrain_each_cycle,intersect,u50,original_selected,prefilter,prefilter,400,400,98.91,6981.51165,6928.684,7170.265,7208.09,143.232707,500000.0,579.238,1000,0,0,True,True,post_hoc_retuned_fastest_feasible_recall_ge_98,experiments/pq_drift_1m_aris_main_20260522/indexes/phaseC_cycle04_retrain_each_cycle
cycle04_retrain_each_cycle_intersect_u75,4,retrain_each_cycle,intersect,u75,original_selected,graph,graph,400,400,98.04,8223.315946,8149.744,8399.332,8636.909,121.602904,750000.0,15.501,0,1000,0,True,True,post_hoc_retuned_fastest_feasible_recall_ge_98,experiments/pq_drift_1m_aris_main_20260522/indexes/phaseC_cycle04_retrain_each_cycle
cycle04_retrain_each_cycle_intersect_u100,4,retrain_each_cycle,intersect,u100,original_selected,graph,graph,400,400,98.74,8261.670577,8206.109,8655.24,9302.425,121.038325,1000000.0,17.634,0,1000,0,True,True,post_hoc_retuned_fastest_feasible_recall_ge_98,experiments/pq_drift_1m_aris_main_20260522/indexes/phaseC_cycle04_retrain_each_cycle
cycle04_retrain_each_cycle_range_u1e-03,4,retrain_each_cycle,range,u1e-03,original_selected,prefilter,prefilter,75,75,99.98,132.462026,131.348,139.075,152.579,7546.591144,1000.0,48.899,1000,0,0,True,True,post_hoc_retuned_fastest_feasible_recall_ge_98,experiments/pq_drift_1m_aris_main_20260522/indexes/phaseC_cycle04_retrain_each_cycle
cycle04_retrain_each_cycle_range_u3e-03,4,retrain_each_cycle,range,u3e-03,original_selected,prefilter,prefilter,50,50,99.78,174.19955,172.923,182.104,201.784,5738.930321,3000.0,54.317,1000,0,0,True,True,post_hoc_retuned_fastest_feasible_recall_ge_98,experiments/pq_drift_1m_aris_main_20260522/indexes/phaseC_cycle04_retrain_each_cycle
cycle04_retrain_each_cycle_range_u1e-02,4,retrain_each_cycle,range,u1e-02,original_selected,prefilter,prefilter,100,100,99.6,316.622607,314.237,329.735,363.963,3157.447769,10000.0,65.815,1000,0,0,True,True,post_hoc_retuned_fastest_feasible_recall_ge_98,experiments/pq_drift_1m_aris_main_20260522/indexes/phaseC_cycle04_retrain_each_cycle
cycle04_retrain_each_cycle_range_u5e-02,4,retrain_each_cycle,range,u5e-02,original_selected,prefilter,prefilter,75,75,99.18,916.260683,912.521,997.133,1031.414,1091.261569,50000.0,117.281,1000,0,0,True,True,post_hoc_retuned_fastest_feasible_recall_ge_98,experiments/pq_drift_1m_aris_main_20260522/indexes/phaseC_cycle04_retrain_each_cycle
cycle04_retrain_each_cycle_range_u1e-01,4,retrain_each_cycle,range,u1e-01,original_selected,prefilter,prefilter,50,50,98.92,1630.576081,1572.441,1816.412,1837.47,613.232757,100000.0,166.259,1000,0,0,True,True,post_hoc_retuned_fastest_feasible_recall_ge_98,experiments/pq_drift_1m_aris_main_20260522/indexes/phaseC_cycle04_retrain_each_cycle
cycle04_retrain_each_cycle_range_u25,4,retrain_each_cycle,range,u25,original_selected,prefilter,prefilter,300,300,98.34,3857.259817,3667.501,5389.134,5627.955,259.240449,250000.0,353.597,1000,0,0,True,True,post_hoc_retuned_fastest_feasible_recall_ge_98,experiments/pq_drift_1m_aris_main_20260522/indexes/phaseC_cycle04_retrain_each_cycle
cycle04_retrain_each_cycle_range_u30,4,retrain_each_cycle,range,u30,original_selected,prefilter,prefilter,400,400,98.95,4504.152542,4449.808,4697.684,4773.164,222.007939,300000.0,393.006,1000,0,0,True,True,post_hoc_retuned_fastest_feasible_recall_ge_98,experiments/pq_drift_1m_aris_main_20260522/indexes/phaseC_cycle04_retrain_each_cycle
cycle04_retrain_each_cycle_range_u50,4,retrain_each_cycle,range,u50,original_selected,prefilter,prefilter,300,300,98.22,7156.583832,6797.725,9811.109,10030.885,139.72737,500000.0,659.079,1000,0,0,True,True,post_hoc_retuned_fastest_feasible_recall_ge_98,experiments/pq_drift_1m_aris_main_20260522/indexes/phaseC_cycle04_retrain_each_cycle
cycle04_retrain_each_cycle_range_u75,4,retrain_each_cycle,range,u75,original_selected,graph,mixed,400,400,98.04,8208.289645,8181.194,8437.903,8691.261,121.825246,750000.0,55.687,0,0,1000,True,True,post_hoc_retuned_fastest_feasible_recall_ge_98,experiments/pq_drift_1m_aris_main_20260522/indexes/phaseC_cycle04_retrain_each_cycle
cycle04_retrain_each_cycle_range_u100,4,retrain_each_cycle,range,u100,original_selected,graph,mixed,400,400,98.74,8272.874211,8230.939,8502.948,8905.745,120.874552,1000000.0,59.952,0,0,1000,True,True,post_hoc_retuned_fastest_feasible_recall_ge_98,experiments/pq_drift_1m_aris_main_20260522/indexes/phaseC_cycle04_retrain_each_cycle
cycle04_no_retrain_across_cycles_intersect_u1e-03,4,no_retrain_across_cycles,intersect,u1e-03,original_selected,prefilter,prefilter,50,50,100.0,149.065409,148.334,159.115,192.318,6705.741874,1000.0,51.103,1000,0,0,True,True,post_hoc_retuned_fastest_feasible_recall_ge_98,experiments/pq_drift_1m_aris_main_20260522/indexes/phaseC_cycle04_no_retrain_after_insert
cycle04_no_retrain_across_cycles_intersect_u3e-03,4,no_retrain_across_cycles,intersect,u3e-03,original_selected,prefilter,prefilter,50,50,99.72,201.952345,198.404,220.507,258.17,4949.229051,3000.0,63.443,1000,0,0,True,True,post_hoc_retuned_fastest_feasible_recall_ge_98,experiments/pq_drift_1m_aris_main_20260522/indexes/phaseC_cycle04_no_retrain_after_insert
cycle04_no_retrain_across_cycles_intersect_u1e-02,4,no_retrain_across_cycles,intersect,u1e-02,original_selected,prefilter,prefilter,50,50,99.55,414.727822,408.754,449.204,500.761,2410.588954,10000.0,133.166,1000,0,0,True,True,post_hoc_retuned_fastest_feasible_recall_ge_98,experiments/pq_drift_1m_aris_main_20260522/indexes/phaseC_cycle04_no_retrain_after_insert
cycle04_no_retrain_across_cycles_intersect_u5e-02,4,no_retrain_across_cycles,intersect,u5e-02,original_selected,prefilter,prefilter,50,50,99.0,1135.07094,1119.97,1207.548,1235.713,880.886977,50000.0,226.077,1000,0,0,True,True,post_hoc_retuned_fastest_feasible_recall_ge_98,experiments/pq_drift_1m_aris_main_20260522/indexes/phaseC_cycle04_no_retrain_after_insert
cycle04_no_retrain_across_cycles_intersect_u1e-01,4,no_retrain_across_cycles,intersect,u1e-01,original_selected,prefilter,prefilter,75,75,98.89,1773.513333,1742.081,1972.619,2008.637,563.782821,100000.0,264.008,1000,0,0,True,True,post_hoc_retuned_fastest_feasible_recall_ge_98,experiments/pq_drift_1m_aris_main_20260522/indexes/phaseC_cycle04_no_retrain_after_insert
cycle04_no_retrain_across_cycles_intersect_u25,4,no_retrain_across_cycles,intersect,u25,original_selected,prefilter,prefilter,250,250,98.12,3978.780819,3793.104,5607.221,5830.521,251.319654,250000.0,423.877,1000,0,0,True,True,post_hoc_retuned_fastest_feasible_recall_ge_98,experiments/pq_drift_1m_aris_main_20260522/indexes/phaseC_cycle04_no_retrain_after_insert
cycle04_no_retrain_across_cycles_intersect_u30,4,no_retrain_across_cycles,intersect,u30,original_selected,prefilter,prefilter,250,250,98.25,4612.122863,4389.97,5974.152,6228.722,216.810051,300000.0,458.157,1000,0,0,True,True,post_hoc_retuned_fastest_feasible_recall_ge_98,experiments/pq_drift_1m_aris_main_20260522/indexes/phaseC_cycle04_no_retrain_after_insert
cycle04_no_retrain_across_cycles_intersect_u50,4,no_retrain_across_cycles,intersect,u50,original_selected,prefilter,prefilter,300,300,98.58,6895.106361,6875.74,6934.097,7196.724,145.024983,500000.0,627.878,1000,0,0,True,True,post_hoc_retuned_fastest_feasible_recall_ge_98,experiments/pq_drift_1m_aris_main_20260522/indexes/phaseC_cycle04_no_retrain_after_insert
cycle04_no_retrain_across_cycles_intersect_u75,4,no_retrain_across_cycles,intersect,u75,original_selected,prefilter,prefilter,300,300,98.27,9949.428326,9924.468,9972.185,10334.311,100.505568,750000.0,870.621,1000,0,0,True,True,post_hoc_retuned_fastest_feasible_recall_ge_98,experiments/pq_drift_1m_aris_main_20260522/indexes/phaseC_cycle04_no_retrain_after_insert
cycle04_no_retrain_across_cycles_intersect_u100,4,no_retrain_across_cycles,intersect,u100,original_selected,graph,graph,400,400,98.15,8327.6331,8296.897,8693.824,8973.741,120.080166,1000000.0,15.609,0,1000,0,True,True,post_hoc_retuned_fastest_feasible_recall_ge_98,experiments/pq_drift_1m_aris_main_20260522/indexes/phaseC_cycle04_no_retrain_after_insert
cycle04_no_retrain_across_cycles_range_u1e-03,4,no_retrain_across_cycles,range,u1e-03,original_selected,prefilter,prefilter,50,50,100.0,149.159023,148.543,158.81,188.225,6701.115089,1000.0,51.159,1000,0,0,True,True,post_hoc_retuned_fastest_feasible_recall_ge_98,experiments/pq_drift_1m_aris_main_20260522/indexes/phaseC_cycle04_no_retrain_after_insert
cycle04_no_retrain_across_cycles_range_u3e-03,4,no_retrain_across_cycles,range,u3e-03,original_selected,prefilter,prefilter,50,50,99.72,208.456502,204.768,227.534,264.899,4794.694697,3000.0,67.103,1000,0,0,True,True,post_hoc_retuned_fastest_feasible_recall_ge_98,experiments/pq_drift_1m_aris_main_20260522/indexes/phaseC_cycle04_no_retrain_after_insert
cycle04_no_retrain_across_cycles_range_u1e-02,4,no_retrain_across_cycles,range,u1e-02,original_selected,prefilter,prefilter,50,50,99.55,427.689372,421.12,469.161,513.671,2337.373543,10000.0,142.715,1000,0,0,True,True,post_hoc_retuned_fastest_feasible_recall_ge_98,experiments/pq_drift_1m_aris_main_20260522/indexes/phaseC_cycle04_no_retrain_after_insert
cycle04_no_retrain_across_cycles_range_u5e-02,4,no_retrain_across_cycles,range,u5e-02,original_selected,prefilter,prefilter,50,50,99.0,1149.821653,1137.69,1219.973,1249.956,869.605825,50000.0,239.661,1000,0,0,True,True,post_hoc_retuned_fastest_feasible_recall_ge_98,experiments/pq_drift_1m_aris_main_20260522/indexes/phaseC_cycle04_no_retrain_after_insert
cycle04_no_retrain_across_cycles_range_u1e-01,4,no_retrain_across_cycles,range,u1e-01,original_selected,prefilter,prefilter,75,75,98.89,1787.692908,1761.683,1991.039,2025.787,559.318317,100000.0,283.344,1000,0,0,True,True,post_hoc_retuned_fastest_feasible_recall_ge_98,experiments/pq_drift_1m_aris_main_20260522/indexes/phaseC_cycle04_no_retrain_after_insert
cycle04_no_retrain_across_cycles_range_u25,4,no_retrain_across_cycles,range,u25,original_selected,prefilter,prefilter,250,250,98.12,3868.297148,3817.965,4057.101,4130.873,258.496903,250000.0,429.787,1000,0,0,True,True,post_hoc_retuned_fastest_feasible_recall_ge_98,experiments/pq_drift_1m_aris_main_20260522/indexes/phaseC_cycle04_no_retrain_after_insert
cycle04_no_retrain_across_cycles_range_u30,4,no_retrain_across_cycles,range,u30,original_selected,prefilter,prefilter,250,250,98.25,4470.960586,4429.231,4663.368,4717.253,223.654829,300000.0,477.208,1000,0,0,True,True,post_hoc_retuned_fastest_feasible_recall_ge_98,experiments/pq_drift_1m_aris_main_20260522/indexes/phaseC_cycle04_no_retrain_after_insert
cycle04_no_retrain_across_cycles_range_u50,4,no_retrain_across_cycles,range,u50,original_selected,prefilter,prefilter,300,300,98.58,6929.889364,6911.492,6958.156,7206.842,144.297205,500000.0,670.396,1000,0,0,True,True,post_hoc_retuned_fastest_feasible_recall_ge_98,experiments/pq_drift_1m_aris_main_20260522/indexes/phaseC_cycle04_no_retrain_after_insert
cycle04_no_retrain_across_cycles_range_u75,4,no_retrain_across_cycles,range,u75,phase2_targeted_rerun_replacement,graph,mixed,470,470,98.03,9600.098837,9545.55,9954.825,10558.291,104.163644,750000.0,57.736,0,0,1000,True,True,expanded_l_sweep_fastest_feasible_recall_ge_98_with_L450_L470_targeted_rerun,experiments/pq_drift_1m_aris_main_20260522/indexes/phaseC_cycle04_no_retrain_after_insert
cycle04_no_retrain_across_cycles_range_u100,4,no_retrain_across_cycles,range,u100,original_selected,graph,mixed,400,400,98.15,8350.100671,8303.634,8753.224,9123.486,119.756558,1000000.0,63.242,0,0,1000,True,True,post_hoc_retuned_fastest_feasible_recall_ge_98,experiments/pq_drift_1m_aris_main_20260522/indexes/phaseC_cycle04_no_retrain_after_insert
cycle05_retrain_each_cycle_intersect_u1e-03,5,retrain_each_cycle,intersect,u1e-03,original_selected,prefilter,prefilter,50,50,99.97,132.107265,130.832,138.611,150.138,7565.964982,1000.0,49.254,1000,0,0,True,True,post_hoc_retuned_fastest_feasible_recall_ge_98,experiments/pq_drift_1m_aris_main_20260522/indexes/phaseC_cycle05_retrain_each_cycle
cycle05_retrain_each_cycle_intersect_u3e-03,5,retrain_each_cycle,intersect,u3e-03,original_selected,prefilter,prefilter,50,50,99.83,169.939528,168.636,178.153,197.334,5882.7031,3000.0,52.007,1000,0,0,True,True,post_hoc_retuned_fastest_feasible_recall_ge_98,experiments/pq_drift_1m_aris_main_20260522/indexes/phaseC_cycle05_retrain_each_cycle
cycle05_retrain_each_cycle_intersect_u1e-02,5,retrain_each_cycle,intersect,u1e-02,original_selected,prefilter,prefilter,75,75,99.6,303.323287,301.105,316.828,347.288,3296.013115,10000.0,56.693,1000,0,0,True,True,post_hoc_retuned_fastest_feasible_recall_ge_98,experiments/pq_drift_1m_aris_main_20260522/indexes/phaseC_cycle05_retrain_each_cycle
cycle05_retrain_each_cycle_intersect_u5e-02,5,retrain_each_cycle,intersect,u5e-02,original_selected,prefilter,prefilter,75,75,99.29,896.206645,893.316,972.365,1008.934,1115.660141,50000.0,102.551,1000,0,0,True,True,post_hoc_retuned_fastest_feasible_recall_ge_98,experiments/pq_drift_1m_aris_main_20260522/indexes/phaseC_cycle05_retrain_each_cycle
cycle05_retrain_each_cycle_intersect_u1e-01,5,retrain_each_cycle,intersect,u1e-01,original_selected,prefilter,prefilter,50,50,98.87,1616.886435,1554.655,1791.931,1810.632,618.427161,100000.0,148.433,1000,0,0,True,True,post_hoc_retuned_fastest_feasible_recall_ge_98,experiments/pq_drift_1m_aris_main_20260522/indexes/phaseC_cycle05_retrain_each_cycle
cycle05_retrain_each_cycle_intersect_u25,5,retrain_each_cycle,intersect,u25,original_selected,prefilter,prefilter,200,200,98.06,3540.777097,3490.253,3725.2,3765.784,282.411144,250000.0,310.008,1000,0,0,True,True,post_hoc_retuned_fastest_feasible_recall_ge_98,experiments/pq_drift_1m_aris_main_20260522/indexes/phaseC_cycle05_retrain_each_cycle
cycle05_retrain_each_cycle_intersect_u30,5,retrain_each_cycle,intersect,u30,original_selected,prefilter,prefilter,250,250,98.72,4305.807678,4257.588,4495.889,4521.555,232.236865,300000.0,363.523,1000,0,0,True,True,post_hoc_retuned_fastest_feasible_recall_ge_98,experiments/pq_drift_1m_aris_main_20260522/indexes/phaseC_cycle05_retrain_each_cycle
cycle05_retrain_each_cycle_intersect_u50,5,retrain_each_cycle,intersect,u50,original_selected,prefilter,prefilter,300,300,98.35,7069.94456,6749.174,9329.246,9462.868,141.440129,500000.0,598.906,1000,0,0,True,True,post_hoc_retuned_fastest_feasible_recall_ge_98,experiments/pq_drift_1m_aris_main_20260522/indexes/phaseC_cycle05_retrain_each_cycle
cycle05_retrain_each_cycle_intersect_u75,5,retrain_each_cycle,intersect,u75,original_selected,graph,graph,400,400,98.32,8239.576447,8197.79,8573.304,8945.847,121.363167,750000.0,16.349,0,1000,0,True,True,post_hoc_retuned_fastest_feasible_recall_ge_98,experiments/pq_drift_1m_aris_main_20260522/indexes/phaseC_cycle05_retrain_each_cycle
cycle05_retrain_each_cycle_intersect_u100,5,retrain_each_cycle,intersect,u100,original_selected,graph,graph,300,300,98.13,6268.314338,6249.586,6497.95,6732.223,159.528456,1000000.0,15.601,0,1000,0,True,True,post_hoc_retuned_fastest_feasible_recall_ge_98,experiments/pq_drift_1m_aris_main_20260522/indexes/phaseC_cycle05_retrain_each_cycle
cycle05_retrain_each_cycle_range_u1e-03,5,retrain_each_cycle,range,u1e-03,original_selected,prefilter,prefilter,75,75,99.97,132.560582,131.298,138.006,153.444,7540.578606,1000.0,49.263,1000,0,0,True,True,post_hoc_retuned_fastest_feasible_recall_ge_98,experiments/pq_drift_1m_aris_main_20260522/indexes/phaseC_cycle05_retrain_each_cycle
cycle05_retrain_each_cycle_range_u3e-03,5,retrain_each_cycle,range,u3e-03,original_selected,prefilter,prefilter,50,50,99.83,171.657564,170.474,178.662,197.386,5823.909801,3000.0,53.361,1000,0,0,True,True,post_hoc_retuned_fastest_feasible_recall_ge_98,experiments/pq_drift_1m_aris_main_20260522/indexes/phaseC_cycle05_retrain_each_cycle
cycle05_retrain_each_cycle_range_u1e-02,5,retrain_each_cycle,range,u1e-02,original_selected,prefilter,prefilter,75,75,99.6,314.706382,311.917,329.036,362.253,3176.71999,10000.0,65.328,1000,0,0,True,True,post_hoc_retuned_fastest_feasible_recall_ge_98,experiments/pq_drift_1m_aris_main_20260522/indexes/phaseC_cycle05_retrain_each_cycle
cycle05_retrain_each_cycle_range_u5e-02,5,retrain_each_cycle,range,u5e-02,original_selected,prefilter,prefilter,50,50,99.29,910.961607,908.924,986.241,1017.207,1097.586377,50000.0,116.672,1000,0,0,True,True,post_hoc_retuned_fastest_feasible_recall_ge_98,experiments/pq_drift_1m_aris_main_20260522/indexes/phaseC_cycle05_retrain_each_cycle
cycle05_retrain_each_cycle_range_u1e-01,5,retrain_each_cycle,range,u1e-01,original_selected,prefilter,prefilter,50,50,98.87,1631.433573,1572.536,1812.904,1835.857,612.908121,100000.0,166.682,1000,0,0,True,True,post_hoc_retuned_fastest_feasible_recall_ge_98,experiments/pq_drift_1m_aris_main_20260522/indexes/phaseC_cycle05_retrain_each_cycle
cycle05_retrain_each_cycle_range_u25,5,retrain_each_cycle,range,u25,original_selected,prefilter,prefilter,200,200,98.06,3569.150945,3515.203,3754.761,3778.263,280.168013,250000.0,335.046,1000,0,0,True,True,post_hoc_retuned_fastest_feasible_recall_ge_98,experiments/pq_drift_1m_aris_main_20260522/indexes/phaseC_cycle05_retrain_each_cycle
cycle05_retrain_each_cycle_range_u30,5,retrain_each_cycle,range,u30,original_selected,prefilter,prefilter,400,400,99.51,4499.96396,4448.832,4693.268,4739.653,222.216558,300000.0,393.216,1000,0,0,True,True,post_hoc_retuned_fastest_feasible_recall_ge_98,experiments/pq_drift_1m_aris_main_20260522/indexes/phaseC_cycle05_retrain_each_cycle
cycle05_retrain_each_cycle_range_u50,5,retrain_each_cycle,range,u50,original_selected,prefilter,prefilter,300,300,98.35,6841.005917,6788.282,7025.481,7057.4,146.173676,500000.0,616.512,1000,0,0,True,True,post_hoc_retuned_fastest_feasible_recall_ge_98,experiments/pq_drift_1m_aris_main_20260522/indexes/phaseC_cycle05_retrain_each_cycle
cycle05_retrain_each_cycle_range_u75,5,retrain_each_cycle,range,u75,original_selected,graph,mixed,400,400,98.32,8279.649779,8231.939,8626.038,8956.398,120.775591,750000.0,57.922,0,0,1000,True,True,post_hoc_retuned_fastest_feasible_recall_ge_98,experiments/pq_drift_1m_aris_main_20260522/indexes/phaseC_cycle05_retrain_each_cycle
cycle05_retrain_each_cycle_range_u100,5,retrain_each_cycle,range,u100,original_selected,graph,mixed,300,300,98.13,6348.129364,6319.398,6593.51,6835.441,157.522878,1000000.0,62.142,0,0,1000,True,True,post_hoc_retuned_fastest_feasible_recall_ge_98,experiments/pq_drift_1m_aris_main_20260522/indexes/phaseC_cycle05_retrain_each_cycle
cycle05_no_retrain_across_cycles_intersect_u1e-03,5,no_retrain_across_cycles,intersect,u1e-03,original_selected,prefilter,prefilter,50,50,99.98,148.814399,147.925,159.379,192.633,6717.225161,1000.0,51.21,1000,0,0,True,True,post_hoc_retuned_fastest_feasible_recall_ge_98,experiments/pq_drift_1m_aris_main_20260522/indexes/phaseC_cycle05_no_retrain_after_insert
cycle05_no_retrain_across_cycles_intersect_u3e-03,5,no_retrain_across_cycles,intersect,u3e-03,original_selected,prefilter,prefilter,75,75,99.64,204.85179,201.595,225.003,259.459,4879.167276,3000.0,64.184,1000,0,0,True,True,post_hoc_retuned_fastest_feasible_recall_ge_98,experiments/pq_drift_1m_aris_main_20260522/indexes/phaseC_cycle05_no_retrain_after_insert
cycle05_no_retrain_across_cycles_intersect_u1e-02,5,no_retrain_across_cycles,intersect,u1e-02,original_selected,prefilter,prefilter,100,100,99.63,417.859236,412.522,452.125,490.3,2392.498436,10000.0,134.538,1000,0,0,True,True,post_hoc_retuned_fastest_feasible_recall_ge_98,experiments/pq_drift_1m_aris_main_20260522/indexes/phaseC_cycle05_no_retrain_after_insert
cycle05_no_retrain_across_cycles_intersect_u5e-02,5,no_retrain_across_cycles,intersect,u5e-02,original_selected,prefilter,prefilter,50,50,98.98,1140.602763,1130.792,1207.894,1230.109,876.623941,50000.0,226.684,1000,0,0,True,True,post_hoc_retuned_fastest_feasible_recall_ge_98,experiments/pq_drift_1m_aris_main_20260522/indexes/phaseC_cycle05_no_retrain_after_insert
cycle05_no_retrain_across_cycles_intersect_u1e-01,5,no_retrain_across_cycles,intersect,u1e-01,original_selected,prefilter,prefilter,100,100,98.53,1782.994051,1748.176,1991.259,2026.03,560.792511,100000.0,264.405,1000,0,0,True,True,post_hoc_retuned_fastest_feasible_recall_ge_98,experiments/pq_drift_1m_aris_main_20260522/indexes/phaseC_cycle05_no_retrain_after_insert
cycle05_no_retrain_across_cycles_intersect_u25,5,no_retrain_across_cycles,intersect,u25,original_selected,prefilter,prefilter,300,300,99.12,4138.43202,3903.295,5298.389,5504.459,241.627635,250000.0,421.588,1000,0,0,True,True,post_hoc_retuned_fastest_feasible_recall_ge_98,experiments/pq_drift_1m_aris_main_20260522/indexes/phaseC_cycle05_no_retrain_after_insert
cycle05_no_retrain_across_cycles_intersect_u30,5,no_retrain_across_cycles,intersect,u30,original_selected,prefilter,prefilter,250,250,98.3,4482.565877,4430.229,4681.38,4834.108,223.074948,300000.0,443.61,1000,0,0,True,True,post_hoc_retuned_fastest_feasible_recall_ge_98,experiments/pq_drift_1m_aris_main_20260522/indexes/phaseC_cycle05_no_retrain_after_insert
cycle05_no_retrain_across_cycles_intersect_u50,5,no_retrain_across_cycles,intersect,u50,original_selected,prefilter,prefilter,250,250,98.17,6864.164206,6812.432,7053.985,7095.367,145.678925,500000.0,627.632,1000,0,0,True,True,post_hoc_retuned_fastest_feasible_recall_ge_98,experiments/pq_drift_1m_aris_main_20260522/indexes/phaseC_cycle05_no_retrain_after_insert
cycle05_no_retrain_across_cycles_intersect_u75,5,no_retrain_across_cycles,intersect,u75,original_selected,graph,graph,400,400,98.07,8225.672562,8189.199,8523.926,8711.77,121.568549,750000.0,16.262,0,1000,0,True,True,post_hoc_retuned_fastest_feasible_recall_ge_98,experiments/pq_drift_1m_aris_main_20260522/indexes/phaseC_cycle05_no_retrain_after_insert
cycle05_no_retrain_across_cycles_intersect_u100,5,no_retrain_across_cycles,intersect,u100,original_selected,graph,graph,400,400,98.49,8274.674101,8233.724,8574.749,8829.22,120.848749,1000000.0,15.794,0,1000,0,True,True,post_hoc_retuned_fastest_feasible_recall_ge_98,experiments/pq_drift_1m_aris_main_20260522/indexes/phaseC_cycle05_no_retrain_after_insert
cycle05_no_retrain_across_cycles_range_u1e-03,5,no_retrain_across_cycles,range,u1e-03,original_selected,prefilter,prefilter,50,50,99.98,148.490651,147.641,159.367,194.041,6731.598408,1000.0,51.215,1000,0,0,True,True,post_hoc_retuned_fastest_feasible_recall_ge_98,experiments/pq_drift_1m_aris_main_20260522/indexes/phaseC_cycle05_no_retrain_after_insert
cycle05_no_retrain_across_cycles_range_u3e-03,5,no_retrain_across_cycles,range,u3e-03,original_selected,prefilter,prefilter,50,50,99.64,207.201445,203.27,228.412,269.142,4823.867477,3000.0,67.867,1000,0,0,True,True,post_hoc_retuned_fastest_feasible_recall_ge_98,experiments/pq_drift_1m_aris_main_20260522/indexes/phaseC_cycle05_no_retrain_after_insert
cycle05_no_retrain_across_cycles_range_u1e-02,5,no_retrain_across_cycles,range,u1e-02,original_selected,prefilter,prefilter,75,75,99.63,426.581237,421.176,461.472,502.982,2343.517397,10000.0,143.672,1000,0,0,True,True,post_hoc_retuned_fastest_feasible_recall_ge_98,experiments/pq_drift_1m_aris_main_20260522/indexes/phaseC_cycle05_no_retrain_after_insert
cycle05_no_retrain_across_cycles_range_u5e-02,5,no_retrain_across_cycles,range,u5e-02,original_selected,prefilter,prefilter,50,50,98.98,1152.247507,1141.047,1217.595,1250.528,867.757384,50000.0,240.014,1000,0,0,True,True,post_hoc_retuned_fastest_feasible_recall_ge_98,experiments/pq_drift_1m_aris_main_20260522/indexes/phaseC_cycle05_no_retrain_after_insert
cycle05_no_retrain_across_cycles_range_u1e-01,5,no_retrain_across_cycles,range,u1e-01,original_selected,prefilter,prefilter,100,100,98.53,1797.696593,1767.427,2003.219,2039.954,556.217469,100000.0,282.35,1000,0,0,True,True,post_hoc_retuned_fastest_feasible_recall_ge_98,experiments/pq_drift_1m_aris_main_20260522/indexes/phaseC_cycle05_no_retrain_after_insert
cycle05_no_retrain_across_cycles_range_u25,5,no_retrain_across_cycles,range,u25,original_selected,prefilter,prefilter,250,250,98.71,3890.191466,3818.037,4046.715,4089.934,257.041231,250000.0,434.216,1000,0,0,True,True,post_hoc_retuned_fastest_feasible_recall_ge_98,experiments/pq_drift_1m_aris_main_20260522/indexes/phaseC_cycle05_no_retrain_after_insert
cycle05_no_retrain_across_cycles_range_u30,5,no_retrain_across_cycles,range,u30,original_selected,prefilter,prefilter,300,300,98.85,4555.677666,4498.701,4730.587,4785.729,219.496317,300000.0,475.608,1000,0,0,True,True,post_hoc_retuned_fastest_feasible_recall_ge_98,experiments/pq_drift_1m_aris_main_20260522/indexes/phaseC_cycle05_no_retrain_after_insert
cycle05_no_retrain_across_cycles_range_u50,5,no_retrain_across_cycles,range,u50,original_selected,prefilter,prefilter,250,250,98.17,6909.319126,6816.898,6894.096,9576.24,144.727475,500000.0,673.931,1000,0,0,True,True,post_hoc_retuned_fastest_feasible_recall_ge_98,experiments/pq_drift_1m_aris_main_20260522/indexes/phaseC_cycle05_no_retrain_after_insert
cycle05_no_retrain_across_cycles_range_u75,5,no_retrain_across_cycles,range,u75,original_selected,graph,mixed,400,400,98.07,8308.421183,8254.421,8658.71,9062.003,120.357112,750000.0,56.863,0,0,1000,True,True,post_hoc_retuned_fastest_feasible_recall_ge_98,experiments/pq_drift_1m_aris_main_20260522/indexes/phaseC_cycle05_no_retrain_after_insert
cycle05_no_retrain_across_cycles_range_u100,5,no_retrain_across_cycles,range,u100,original_selected,graph,mixed,400,400,98.49,8332.783617,8287.045,8644.952,9103.964,120.005538,1000000.0,59.495,0,0,1000,True,True,post_hoc_retuned_fastest_feasible_recall_ge_98,experiments/pq_drift_1m_aris_main_20260522/indexes/phaseC_cycle05_no_retrain_after_insert
