mode,route,threads,insert_threads,points,chosen_L,max_rss_kb,live_point_count,elapsed_s,qps,avg_latency_us,p50_latency_us,p95_latency_us,p99_latency_us,recall@10,process_max_rss_kb,rss_before_query_kb,rss_after_query_kb,query_peak_rss_kb,query_peak_delta_kb,mean_candidate_count,mean_route_overhead_us,prefilter_count,graph_count,fallback_count,empty_count,min_threshold,max_threshold,status,state,bucket,selected_route,query_threads,inserted_during_search,start_points,total_points,target_recall@10,calibration_recall@10,calibration_avg_latency_us,exp3_pq_bytes
measure-dynamic-search,prefilter,1,0,1000000,10,252956,1000000,0.190625,5245.905327,190.562111,190.172,198.726,206.906,100.0,252956,252312,252956,252956,644,1000.0,66.725,1000,0,0,0,108760,108760,ok,1m_initial,u1e-03,prefilter,1,0,1000000,1000000,98.0,100.0,2377.688412,16
measure-dynamic-search,prefilter,1,0,1000000,10,252932,1000000,0.241198,4145.972185,241.123088,240.614,251.242,264.176,99.96,252932,252408,252932,252932,524,3000.0,69.975,1000,0,0,0,108760,108760,ok,1m_initial,u3e-03,prefilter,1,0,1000000,1000000,98.0,99.96,2460.574847,16
measure-dynamic-search,prefilter,1,0,1000000,10,252920,1000000,0.416871,2398.821862,416.788493,414.882,440.536,456.165,99.92,252920,252464,252920,252920,456,10000.0,80.2,1000,0,0,0,108760,108760,ok,1m_initial,u1e-02,prefilter,1,0,1000000,1000000,98.0,99.92,3250.985087,16
measure-dynamic-search,prefilter,1,0,1000000,10,253204,1000000,1.333912,749.674527,1333.798677,1303.087,1519.126,1540.64,99.85,253204,252484,253204,253204,720,50000.0,134.745,1000,0,0,0,108760,108760,ok,1m_initial,u5e-02,prefilter,1,0,1000000,1000000,98.0,99.85,3859.301058,16
measure-dynamic-search,prefilter,1,0,1000000,10,253144,1000000,2.080726,480.601421,2080.552856,2241.026,2490.468,2570.466,99.67,253144,252488,253144,253144,656,100000.0,185.688,1000,0,0,0,108760,108760,ok,1m_initial,u1e-01,prefilter,1,0,1000000,1000000,98.0,99.67,5477.473496,16
measure-dynamic-search,prefilter,1,0,1000000,10,254964,1000000,4.11824,242.822172,4118.067185,3698.277,5268.07,5538.07,99.76,254964,254568,230036,254964,396,250000.0,364.855,1000,0,0,0,108760,108760,ok,1m_initial,u25,prefilter,1,0,1000000,1000000,98.0,99.76,7325.262468,16
measure-dynamic-search,prefilter,1,0,1000000,10,252896,1000000,4.33178,230.852003,4331.608472,4245.894,4613.935,4663.308,99.45,252896,252440,228468,252896,456,300000.0,368.455,1000,0,0,0,108760,108760,ok,1m_initial,u30,prefilter,1,0,1000000,1000000,98.0,99.45,8378.702722,16
measure-dynamic-search,graph,1,0,1000000,300,253364,1000000,6.283982,159.13477,6283.801091,6222.162,6536.179,7206.889,98.59,253364,252536,253364,253364,828,500000.0,14.089,0,1000,0,0,108760,108760,ok,1m_initial,u50,graph,1,0,1000000,1000000,98.0,98.59,18810.038201,16
measure-dynamic-search,graph,1,0,1000000,200,252848,1000000,4.236803,236.027029,4236.657026,4222.907,4356.984,4459.217,98.64,252848,252308,252848,252848,540,750000.0,12.683,0,1000,0,0,108760,108760,ok,1m_initial,u75,graph,1,0,1000000,1000000,98.0,98.64,12710.159603,16
measure-dynamic-search,graph,1,0,1000000,150,252916,1000000,3.34095,299.316088,3340.767639,3321.466,3483.87,3724.855,98.34,252916,252368,252916,252916,548,1000000.0,14.874,0,1000,0,0,108760,108760,ok,1m_initial,u100,graph,1,0,1000000,1000000,98.0,98.37,10007.86073,16
search-during-insert,prefilter,1,4,750000,10,382916,750000,0.164447,6080.97752,164.379117,163.628,172.847,186.875,100.0,,,,,,,,,,,,,,ok,during_insert_from_750k,u1e-03,prefilter,1,0,750000,1000000,98.0,100.0,2301.964625,16
search-during-insert,prefilter,1,4,750012,10,407764,750012,0.230962,4329.716296,230.889699,205.938,247.2,268.232,99.96,,,,,,,,,,,,,,ok,during_insert_from_750k,u3e-03,prefilter,1,12,750000,1000000,98.0,99.96,2500.750201,16
search-during-insert,prefilter,1,4,750064,10,407704,750064,0.370941,2695.848828,370.848259,369.102,419.768,505.906,99.99,,,,,,,,,,,,,,ok,during_insert_from_750k,u1e-02,prefilter,1,64,750000,1000000,98.0,99.99,2943.659709,16
search-during-insert,prefilter,1,4,750334,10,407768,750334,1.070251,934.36067,1070.076431,1032.095,1473.011,1965.379,99.87,,,,,,,,,,,,,,ok,during_insert_from_750k,u5e-02,prefilter,1,334,750000,1000000,98.0,99.87,3765.617402,16
search-during-insert,prefilter,1,4,750563,10,408316,750563,2.039145,490.401699,2038.869051,1936.0,2713.957,3439.613,99.76,,,,,,,,,,,,,,ok,during_insert_from_750k,u1e-01,prefilter,1,563,750000,1000000,98.0,99.76,3975.375241,16
search-during-insert,prefilter,1,4,751516,10,408688,751516,4.846786,206.322309,4846.412321,4500.526,7366.711,9678.332,99.8,,,,,,,,,,,,,,ok,during_insert_from_750k,u25,prefilter,1,1516,750000,1000000,98.0,99.8,6728.900655,16
search-during-insert,prefilter,1,4,751812,10,406020,751812,5.128413,194.992092,5128.12981,4970.773,6977.113,8282.678,99.76,,,,,,,,,,,,,,ok,during_insert_from_750k,u30,prefilter,1,1812,750000,1000000,98.0,99.76,6755.437981,16
search-during-insert,graph,1,4,752953,300,412496,752953,7.53004,132.801425,7529.812239,7252.36,8862.812,10219.664,98.86,,,,,,,,,,,,,,ok,during_insert_from_750k,u50,graph,1,2953,750000,1000000,98.0,98.86,20766.264284,16
search-during-insert,graph,1,4,751785,200,412468,751785,5.137662,194.641073,5137.43355,4951.445,5633.271,6992.895,98.62,,,,,,,,,,,,,,ok,during_insert_from_750k,u75,graph,1,1785,750000,1000000,98.0,98.62,13487.226268,16
search-during-insert,graph,1,4,751144,125,408340,751144,3.349217,298.577214,3348.944234,3262.375,3756.421,4849.49,98.24,,,,,,,,,,,,,,ok,during_insert_from_750k,u100,graph,1,1144,750000,1000000,98.0,98.21,9256.567406,16
search-during-insert,prefilter,1,2,750000,10,380700,750000,0.168543,5933.216099,168.469797,167.836,177.523,187.087,100.0,,,,,,,,,,,,,,ok,during_insert_from_750k,u1e-03,prefilter,1,0,750000,1000000,98.0,100.0,2301.964625,16
search-during-insert,prefilter,1,2,750003,10,399480,750003,0.233227,4287.661196,233.141019,209.247,232.914,271.327,99.96,,,,,,,,,,,,,,ok,during_insert_from_750k,u3e-03,prefilter,1,3,750000,1000000,98.0,99.96,2500.750201,16
search-during-insert,prefilter,1,2,750033,10,399744,750033,0.389169,2569.577352,389.050996,365.256,442.126,654.121,99.99,,,,,,,,,,,,,,ok,during_insert_from_750k,u1e-02,prefilter,1,33,750000,1000000,98.0,99.99,2943.659709,16
search-during-insert,prefilter,1,2,750185,10,399312,750185,1.186436,842.860497,1186.179957,1119.965,1768.632,2611.864,99.87,,,,,,,,,,,,,,ok,during_insert_from_750k,u5e-02,prefilter,1,185,750000,1000000,98.0,99.87,3765.617402,16
search-during-insert,prefilter,1,2,750251,10,399504,750251,1.885564,530.345227,1885.296299,1789.832,2651.05,3476.851,99.76,,,,,,,,,,,,,,ok,during_insert_from_750k,u1e-01,prefilter,1,251,750000,1000000,98.0,99.76,3975.375241,16
search-during-insert,prefilter,1,2,750657,10,400408,750657,4.203324,237.906975,4202.986686,3973.16,6017.383,7258.182,99.8,,,,,,,,,,,,,,ok,during_insert_from_750k,u25,prefilter,1,657,750000,1000000,98.0,99.8,6728.900655,16
search-during-insert,prefilter,1,2,750869,10,400644,750869,4.594333,217.659435,4594.065217,4497.269,5732.854,7006.275,99.76,,,,,,,,,,,,,,ok,during_insert_from_750k,u30,prefilter,1,869,750000,1000000,98.0,99.76,6755.437981,16
search-during-insert,graph,1,2,751470,300,407532,751470,6.71416,148.938957,6713.967913,6647.231,6963.703,7199.347,98.86,,,,,,,,,,,,,,ok,during_insert_from_750k,u50,graph,1,1470,750000,1000000,98.0,98.86,20766.264284,16
search-during-insert,graph,1,2,750963,200,402560,750963,4.470055,223.71091,4469.879638,4443.645,4748.42,5125.545,98.62,,,,,,,,,,,,,,ok,during_insert_from_750k,u75,graph,1,963,750000,1000000,98.0,98.62,13487.226268,16
search-during-insert,graph,1,2,750628,125,402568,750628,3.052619,327.587522,3052.412179,3011.534,3342.447,3713.858,98.23,,,,,,,,,,,,,,ok,during_insert_from_750k,u100,graph,1,628,750000,1000000,98.0,98.21,9256.567406,16
search-during-insert,prefilter,1,1,750000,10,379092,750000,0.167568,5967.731414,167.499987,166.915,176.468,184.272,100.0,,,,,,,,,,,,,,ok,during_insert_from_750k,u1e-03,prefilter,1,0,750000,1000000,98.0,100.0,2301.964625,16
search-during-insert,prefilter,1,1,750001,10,397456,750001,0.234037,4272.825698,233.964278,220.297,232.324,242.486,99.96,,,,,,,,,,,,,,ok,during_insert_from_750k,u3e-03,prefilter,1,1,750000,1000000,98.0,99.96,2500.750201,16
search-during-insert,prefilter,1,1,750013,10,397680,750013,0.40871,2446.722705,408.615282,386.966,446.383,529.485,99.97,,,,,,,,,,,,,,ok,during_insert_from_750k,u1e-02,prefilter,1,13,750000,1000000,98.0,99.99,2943.659709,16
search-during-insert,prefilter,1,1,750054,10,398556,750054,1.060789,942.694781,1060.571844,1049.239,1304.616,1552.707,99.87,,,,,,,,,,,,,,ok,during_insert_from_750k,u5e-02,prefilter,1,54,750000,1000000,98.0,99.87,3765.617402,16
search-during-insert,prefilter,1,1,750163,10,397820,750163,1.763528,567.045261,1763.292177,1749.542,2161.64,2856.802,99.76,,,,,,,,,,,,,,ok,during_insert_from_750k,u1e-01,prefilter,1,163,750000,1000000,98.0,99.76,3975.375241,16
search-during-insert,prefilter,1,1,750344,10,399436,750344,3.577515,279.523634,3577.268381,3432.782,4409.406,5131.908,99.8,,,,,,,,,,,,,,ok,during_insert_from_750k,u25,prefilter,1,344,750000,1000000,98.0,99.8,6728.900655,16
search-during-insert,prefilter,1,1,750345,10,401628,750345,4.313709,231.819059,4313.442347,4162.403,5389.606,6424.779,99.76,,,,,,,,,,,,,,ok,during_insert_from_750k,u30,prefilter,1,345,750000,1000000,98.0,99.76,6755.437981,16
search-during-insert,prefilter,1,1,750652,10,400352,750652,6.249965,160.000894,6249.729175,6057.813,7841.13,8076.865,99.28,,,,,,,,,,,,,,ok,during_insert_from_750k,u50,prefilter,1,652,750000,1000000,98.0,99.28,9308.089903,16
search-during-insert,graph,1,1,750326,200,400480,750326,4.178895,239.297694,4178.726756,4116.236,4346.467,4488.932,98.62,,,,,,,,,,,,,,ok,during_insert_from_750k,u75,graph,1,326,750000,1000000,98.0,98.62,13487.226268,16
search-during-insert,graph,1,1,750309,125,400624,750309,2.911594,343.454518,2911.386163,2884.627,3123.799,3310.996,98.22,,,,,,,,,,,,,,ok,during_insert_from_750k,u100,graph,1,309,750000,1000000,98.0,98.21,9256.567406,16
