format,index_prefix,selector_type,query_label_file,query_count,threads,beamwidth,mem_L,route,resolved_route,L,hybrid_enabled,tau_m,threshold_version,min_tau_m,max_tau_m,min_threshold_version,max_threshold_version,qps,avg_latency_us,p50_latency_us,p90_latency_us,p95_latency_us,p99_latency_us,p999_latency_us,mean_hops,mean_ios,mean_candidate_count,mean_route_overhead_us,fallback_count,prefilter_count,graph_count,empty_count,recall_at,process_max_rss_kb,max_rss_kb,recall,recall@10,chosen_L,status,points,bucket,baseline_pq_bytes,target_recall@10,latency_cutoff_ms,calibration_recall@10,calibration_avg_latency_us
pipeann.hybrid.search.v1,/mnt/bak3/lzg/PipeANN-github/experiments/r116_suite_pq16_aris_20260520_072453/exp_baseline/tmp/direct_1m,intersect,/mnt/bak3/lzg/PipeANN-github/experiments/r116_suite_pq16_aris_20260520_072453/labels/query_1000_u1e-03.spmat,1000,1,4,0,prefilter,prefilter,10,True,0,1,0,0,1,1,8443.783203,111.549004,110.0,114.0,117.0,159.0,313.0,0.0,96.0,1000.0,4.282,0,1000,0,0,10,28864,28864,99.989998,99.989998,10,ok,1000000,u1e-03,16,98.0,100.0,99.989998,110.579002
pipeann.hybrid.search.v1,/mnt/bak3/lzg/PipeANN-github/experiments/r116_suite_pq16_aris_20260520_072453/exp_baseline/tmp/direct_1m,intersect,/mnt/bak3/lzg/PipeANN-github/experiments/r116_suite_pq16_aris_20260520_072453/labels/query_1000_u3e-03.spmat,1000,1,4,0,prefilter,prefilter,10,True,0,1,0,0,1,1,5757.94043,162.311005,161.0,167.0,169.0,222.0,377.0,0.0,96.0,3000.0,9.233,0,1000,0,0,10,28856,28856,99.980003,99.980003,10,ok,1000000,u3e-03,16,98.0,100.0,99.980003,161.380997
pipeann.hybrid.search.v1,/mnt/bak3/lzg/PipeANN-github/experiments/r116_suite_pq16_aris_20260520_072453/exp_baseline/tmp/direct_1m,intersect,/mnt/bak3/lzg/PipeANN-github/experiments/r116_suite_pq16_aris_20260520_072453/labels/query_1000_u1e-02.spmat,1000,1,4,0,prefilter,prefilter,10,True,0,1,0,0,1,1,2646.242432,349.052002,346.0,357.0,360.0,495.0,659.0,0.0,128.0,10000.0,27.151,0,1000,0,0,10,28836,28836,99.949997,99.949997,10,ok,1000000,u1e-02,16,98.0,100.0,99.949997,346.001007
pipeann.hybrid.search.v1,/mnt/bak3/lzg/PipeANN-github/experiments/r116_suite_pq16_aris_20260520_072453/exp_baseline/tmp/direct_1m,intersect,/mnt/bak3/lzg/PipeANN-github/experiments/r116_suite_pq16_aris_20260520_072453/labels/query_1000_u5e-02.spmat,1000,1,4,0,prefilter,prefilter,10,True,0,1,0,0,1,1,1063.731079,833.880981,815.0,882.0,1095.0,1324.0,1507.0,0.0,160.0,50000.0,17.962,0,1000,0,0,10,29668,29668,99.879997,99.879997,10,ok,1000000,u5e-02,16,98.0,100.0,99.879997,1132.92395
pipeann.hybrid.search.v1,/mnt/bak3/lzg/PipeANN-github/experiments/r116_suite_pq16_aris_20260520_072453/exp_baseline/tmp/direct_1m,intersect,/mnt/bak3/lzg/PipeANN-github/experiments/r116_suite_pq16_aris_20260520_072453/labels/query_1000_u5e-02.spmat,1000,1,4,0,graph,graph,1500,True,0,1,0,0,1,1,33.502842,29410.886719,29400.0,29571.0,29627.0,29975.0,32003.0,0.0,1509.301025,50000.0,17.508,0,0,1000,0,10,37436,37436,98.57,98.57,1500,ok,1000000,u5e-02,16,98.0,100.0,98.57,29384.611328
pipeann.hybrid.search.v1,/mnt/bak3/lzg/PipeANN-github/experiments/r116_suite_pq16_aris_20260520_072453/exp_baseline/tmp/direct_1m,intersect,/mnt/bak3/lzg/PipeANN-github/experiments/r116_suite_pq16_aris_20260520_072453/labels/query_1000_u1e-01.spmat,1000,1,4,0,prefilter,prefilter,10,True,0,1,0,0,1,1,625.175232,1448.121948,1422.0,1613.0,1625.0,1640.0,1649.0,0.0,160.0,100000.0,18.032,0,1000,0,0,10,30552,30552,99.75,99.75,10,ok,1000000,u1e-01,16,98.0,100.0,99.75,1815.192993
pipeann.hybrid.search.v1,/mnt/bak3/lzg/PipeANN-github/experiments/r116_suite_pq16_aris_20260520_072453/exp_baseline/tmp/direct_1m,intersect,/mnt/bak3/lzg/PipeANN-github/experiments/r116_suite_pq16_aris_20260520_072453/labels/query_1000_u1e-01.spmat,1000,1,4,0,graph,graph,800,True,0,1,0,0,1,1,63.267551,15500.833984,15481.0,15623.0,15693.0,15940.0,22102.0,0.0,810.20697,100000.0,18.205,0,0,1000,0,10,33292,33292,98.57,98.57,800,ok,1000000,u1e-01,16,98.0,100.0,98.57,15484.885742
pipeann.hybrid.search.v1,/mnt/bak3/lzg/PipeANN-github/experiments/r116_suite_pq16_aris_20260520_072453/exp_baseline/tmp/direct_1m,intersect,/mnt/bak3/lzg/PipeANN-github/experiments/r116_suite_pq16_aris_20260520_072453/labels/query_1000_u25.spmat,1000,1,4,0,prefilter,prefilter,10,True,0,1,0,0,1,1,281.672211,3231.874023,3205.0,3428.0,3442.0,3476.0,3568.0,0.0,192.0,250000.0,17.602,0,1000,0,0,10,31276,31276,99.669998,99.669998,10,ok,1000000,u25,16,98.0,100.0,99.669998,3595.371094
pipeann.hybrid.search.v1,/mnt/bak3/lzg/PipeANN-github/experiments/r116_suite_pq16_aris_20260520_072453/exp_baseline/tmp/direct_1m,intersect,/mnt/bak3/lzg/PipeANN-github/experiments/r116_suite_pq16_aris_20260520_072453/labels/query_1000_u25.spmat,1000,1,4,0,graph,graph,400,True,0,1,0,0,1,1,124.492218,7850.237793,7842.0,7956.0,7990.0,8093.0,8896.0,0.0,411.161011,250000.0,17.424,0,0,1000,0,10,31404,31404,98.290001,98.290001,400,ok,1000000,u25,16,98.0,100.0,98.290001,7848.37207
pipeann.hybrid.search.v1,/mnt/bak3/lzg/PipeANN-github/experiments/r116_suite_pq16_aris_20260520_072453/exp_baseline/tmp/direct_1m,intersect,/mnt/bak3/lzg/PipeANN-github/experiments/r116_suite_pq16_aris_20260520_072453/labels/query_1000_u30.spmat,1000,1,4,0,prefilter,prefilter,10,True,0,1,0,0,1,1,221.104645,4113.663086,3708.0,5216.0,5228.0,5458.0,6160.0,0.0,192.0,300000.0,19.748,0,1000,0,0,10,31540,31540,99.370003,99.370003,10,ok,1000000,u30,16,98.0,100.0,99.370003,4114.023926
pipeann.hybrid.search.v1,/mnt/bak3/lzg/PipeANN-github/experiments/r116_suite_pq16_aris_20260520_072453/exp_baseline/tmp/direct_1m,intersect,/mnt/bak3/lzg/PipeANN-github/experiments/r116_suite_pq16_aris_20260520_072453/labels/query_1000_u30.spmat,1000,1,4,0,graph,graph,400,True,0,1,0,0,1,1,124.48597,7849.062012,7838.0,7955.0,7996.0,8111.0,9393.0,0.0,411.161011,300000.0,17.688,0,0,1000,0,10,31216,31216,98.440002,98.440002,400,ok,1000000,u30,16,98.0,100.0,98.440002,7855.782227
pipeann.hybrid.search.v1,/mnt/bak3/lzg/PipeANN-github/experiments/r116_suite_pq16_aris_20260520_072453/exp_baseline/tmp/direct_1m,intersect,/mnt/bak3/lzg/PipeANN-github/experiments/r116_suite_pq16_aris_20260520_072453/labels/query_1000_u50.spmat,1000,1,4,0,prefilter,prefilter,10,True,0,1,0,0,1,1,149.929199,6079.563965,6055.0,6278.0,6291.0,6389.0,10391.0,0.0,192.0,500000.0,18.378,0,1000,0,0,10,33132,33132,99.269997,99.269997,10,ok,1000000,u50,16,98.0,100.0,99.269997,6379.179199
pipeann.hybrid.search.v1,/mnt/bak3/lzg/PipeANN-github/experiments/r116_suite_pq16_aris_20260520_072453/exp_baseline/tmp/direct_1m,intersect,/mnt/bak3/lzg/PipeANN-github/experiments/r116_suite_pq16_aris_20260520_072453/labels/query_1000_u50.spmat,1000,1,4,0,graph,graph,300,True,0,1,0,0,1,1,162.83638,5981.640137,5973.0,6072.0,6111.0,6214.0,7180.0,0.0,311.556,500000.0,17.837,0,0,1000,0,10,31168,31168,98.760002,98.760002,300,ok,1000000,u50,16,98.0,100.0,98.760002,5960.77002
pipeann.hybrid.search.v1,/mnt/bak3/lzg/PipeANN-github/experiments/r116_suite_pq16_aris_20260520_072453/exp_baseline/tmp/direct_1m,intersect,/mnt/bak3/lzg/PipeANN-github/experiments/r116_suite_pq16_aris_20260520_072453/labels/query_1000_u75.spmat,1000,1,4,0,prefilter,prefilter,10,True,0,1,0,0,1,1,103.706825,8787.071289,8750.0,8921.0,8934.0,9110.0,9438.0,0.0,192.0,750000.0,19.627,0,1000,0,0,10,35144,35144,99.120003,99.120003,10,ok,1000000,u75,16,98.0,100.0,99.120003,9205.830078
pipeann.hybrid.search.v1,/mnt/bak3/lzg/PipeANN-github/experiments/r116_suite_pq16_aris_20260520_072453/exp_baseline/tmp/direct_1m,intersect,/mnt/bak3/lzg/PipeANN-github/experiments/r116_suite_pq16_aris_20260520_072453/labels/query_1000_u75.spmat,1000,1,4,0,graph,graph,200,True,0,1,0,0,1,1,233.644714,4156.845215,4137.0,4233.0,4274.0,4403.0,9905.0,0.0,212.126007,750000.0,19.586,0,0,1000,0,10,30144,30144,98.440002,98.440002,200,ok,1000000,u75,16,98.0,100.0,98.440002,4089.926025
pipeann.hybrid.search.v1,/mnt/bak3/lzg/PipeANN-github/experiments/r116_suite_pq16_aris_20260520_072453/exp_baseline/tmp/direct_1m,intersect,/mnt/bak3/lzg/PipeANN-github/experiments/r116_suite_pq16_aris_20260520_072453/labels/query_1000_u100.spmat,1000,1,4,0,prefilter,prefilter,10,True,0,1,0,0,1,1,78.193695,11661.904297,11582.0,11809.0,11833.0,12467.0,18116.0,0.0,192.0,1000000.0,21.92,0,1000,0,0,10,37036,37036,98.870003,98.870003,10,ok,1000000,u100,16,98.0,100.0,98.870003,12083.276367
pipeann.hybrid.search.v1,/mnt/bak3/lzg/PipeANN-github/experiments/r116_suite_pq16_aris_20260520_072453/exp_baseline/tmp/direct_1m,intersect,/mnt/bak3/lzg/PipeANN-github/experiments/r116_suite_pq16_aris_20260520_072453/labels/query_1000_u100.spmat,1000,1,4,0,graph,graph,150,True,0,1,0,0,1,1,306.772247,3163.156982,3155.0,3241.0,3273.0,3362.0,4056.0,0.0,162.615005,1000000.0,17.277,0,0,1000,0,10,30208,30208,98.32,98.32,150,ok,1000000,u100,16,98.0,100.0,98.32,3171.529053
