format,index_prefix,selector_type,query_label_file,query_count,threads,beamwidth,mem_L,route,resolved_route,L,hybrid_enabled,tau_m,threshold_version,min_tau_m,max_tau_m,min_threshold_version,max_threshold_version,qps,avg_latency_us,p50_latency_us,p90_latency_us,p95_latency_us,p99_latency_us,p999_latency_us,mean_hops,mean_ios,mean_candidate_count,mean_route_overhead_us,fallback_count,prefilter_count,graph_count,empty_count,recall_at,process_max_rss_kb,max_rss_kb,recall,bucket,selectivity,selectivity_percent,chosen_L,recall@10,latency_avg_ms,calibration_wall_s,status,raw_jsonl_path,log_path
pipeann.hybrid.search.v1,/mnt/bak3/lzg/PipeANN-github/experiments/r116_suite_pq16_aris_20260520_072453/tmp/direct_1m_pq16,intersect,/mnt/bak3/lzg/PipeANN-github/experiments/r116_suite/labels/query_1000_u1e-03.spmat,1000,1,4,0,prefilter,prefilter,10,True,0,1,0,0,1,1,8522.238281,110.490997,109.0,114.0,115.0,168.0,363.0,0.0,96.0,1000.0,4.222,0,1000,0,0,10,28836,28836,100.0,u1e-03,0.001,0.1,10,100.0,0.110490997,0.1516587734222412,ok,/mnt/bak3/lzg/PipeANN-github/experiments/r116_suite_pq16_aris_20260520_072453/raw/calibration/intersect_u1e-03_prefilter_L10.jsonl,/mnt/bak3/lzg/PipeANN-github/experiments/r116_suite_pq16_aris_20260520_072453/logs/calibration/intersect_u1e-03_prefilter_L10.json
pipeann.hybrid.search.v1,/mnt/bak3/lzg/PipeANN-github/experiments/r116_suite_pq16_aris_20260520_072453/tmp/direct_1m_pq16,intersect,/mnt/bak3/lzg/PipeANN-github/experiments/r116_suite/labels/query_1000_u3e-03.spmat,1000,1,4,0,prefilter,prefilter,10,True,0,1,0,0,1,1,5425.273438,172.863007,173.0,180.0,183.0,222.0,393.0,0.0,96.0,3000.0,9.235,0,1000,0,0,10,28808,28808,99.949997,u3e-03,0.003,0.3,10,99.949997,0.172863007,0.2099018096923828,ok,/mnt/bak3/lzg/PipeANN-github/experiments/r116_suite_pq16_aris_20260520_072453/raw/calibration/intersect_u3e-03_prefilter_L10.jsonl,/mnt/bak3/lzg/PipeANN-github/experiments/r116_suite_pq16_aris_20260520_072453/logs/calibration/intersect_u3e-03_prefilter_L10.json
pipeann.hybrid.search.v1,/mnt/bak3/lzg/PipeANN-github/experiments/r116_suite_pq16_aris_20260520_072453/tmp/direct_1m_pq16,intersect,/mnt/bak3/lzg/PipeANN-github/experiments/r116_suite/labels/query_1000_u1e-02.spmat,1000,1,4,0,prefilter,prefilter,10,True,0,1,0,0,1,1,2491.590088,372.321014,370.0,383.0,388.0,473.0,705.0,0.0,128.0,10000.0,27.585,0,1000,0,0,10,28792,28792,99.949997,u1e-02,0.01,1.0,10,99.949997,0.372321014,0.4414803981781006,ok,/mnt/bak3/lzg/PipeANN-github/experiments/r116_suite_pq16_aris_20260520_072453/raw/calibration/intersect_u1e-02_prefilter_L10.jsonl,/mnt/bak3/lzg/PipeANN-github/experiments/r116_suite_pq16_aris_20260520_072453/logs/calibration/intersect_u1e-02_prefilter_L10.json
pipeann.hybrid.search.v1,/mnt/bak3/lzg/PipeANN-github/experiments/r116_suite_pq16_aris_20260520_072453/tmp/direct_1m_pq16,intersect,/mnt/bak3/lzg/PipeANN-github/experiments/r116_suite/labels/query_1000_u5e-02.spmat,1000,1,4,0,prefilter,prefilter,10,True,0,1,0,0,1,1,765.929565,1165.008057,1139.0,1349.0,1381.0,1409.0,1931.0,0.0,160.0,50000.0,27.169,0,1000,0,0,10,29860,29860,99.839996,u5e-02,0.05,5.0,10,99.839996,1.165008057,1.3451340198516846,ok,/mnt/bak3/lzg/PipeANN-github/experiments/r116_suite_pq16_aris_20260520_072453/raw/calibration/intersect_u5e-02_prefilter_L10.jsonl,/mnt/bak3/lzg/PipeANN-github/experiments/r116_suite_pq16_aris_20260520_072453/logs/calibration/intersect_u5e-02_prefilter_L10.json
pipeann.hybrid.search.v1,/mnt/bak3/lzg/PipeANN-github/experiments/r116_suite_pq16_aris_20260520_072453/tmp/direct_1m_pq16,intersect,/mnt/bak3/lzg/PipeANN-github/experiments/r116_suite/labels/query_1000_u1e-01.spmat,1000,1,4,0,prefilter,prefilter,10,True,0,1,0,0,1,1,455.990906,1981.170044,1954.0,2175.0,2199.0,2215.0,2783.0,0.0,160.0,100000.0,27.47,0,1000,0,0,10,30524,30524,99.730003,u1e-01,0.1,10.0,10,99.730003,1.981170044,2.2323555946350098,ok,/mnt/bak3/lzg/PipeANN-github/experiments/r116_suite_pq16_aris_20260520_072453/raw/calibration/intersect_u1e-01_prefilter_L10.jsonl,/mnt/bak3/lzg/PipeANN-github/experiments/r116_suite_pq16_aris_20260520_072453/logs/calibration/intersect_u1e-01_prefilter_L10.json
pipeann.hybrid.search.v1,/mnt/bak3/lzg/PipeANN-github/experiments/r116_suite_pq16_aris_20260520_072453/tmp/direct_1m_pq16,intersect,/mnt/bak3/lzg/PipeANN-github/experiments/r116_suite/labels/query_1000_u25.spmat,1000,1,4,0,prefilter,prefilter,10,True,0,1,0,0,1,1,272.963531,3334.937012,3152.0,4420.0,4447.0,4684.0,5477.0,0.0,192.0,250000.0,18.36,0,1000,0,0,10,31300,31300,99.730003,u25,0.25,25.0,10,99.730003,3.3349370119999997,3.687516689300537,ok,/mnt/bak3/lzg/PipeANN-github/experiments/r116_suite_pq16_aris_20260520_072453/raw/calibration/intersect_u25_prefilter_L10.jsonl,/mnt/bak3/lzg/PipeANN-github/experiments/r116_suite_pq16_aris_20260520_072453/logs/calibration/intersect_u25_prefilter_L10.json
pipeann.hybrid.search.v1,/mnt/bak3/lzg/PipeANN-github/experiments/r116_suite_pq16_aris_20260520_072453/tmp/direct_1m_pq16,intersect,/mnt/bak3/lzg/PipeANN-github/experiments/r116_suite/labels/query_1000_u25.spmat,1000,1,4,0,graph,graph,10,True,0,1,0,0,1,1,1248.134399,772.932007,754.0,908.0,953.0,1092.0,8718.0,0.0,32.271999,250000.0,18.424,0,0,1000,0,10,29396,29396,30.469999,u25,0.25,25.0,10,30.469999,0.772932007,0.8377478122711182,failed_recall,/mnt/bak3/lzg/PipeANN-github/experiments/r116_suite_pq16_aris_20260520_072453/raw/calibration/intersect_u25_graph_L10.jsonl,/mnt/bak3/lzg/PipeANN-github/experiments/r116_suite_pq16_aris_20260520_072453/logs/calibration/intersect_u25_graph_L10.json
pipeann.hybrid.search.v1,/mnt/bak3/lzg/PipeANN-github/experiments/r116_suite_pq16_aris_20260520_072453/tmp/direct_1m_pq16,intersect,/mnt/bak3/lzg/PipeANN-github/experiments/r116_suite/labels/query_1000_u25.spmat,1000,1,4,0,graph,graph,20,True,0,1,0,0,1,1,1138.17627,851.057983,843.0,962.0,1003.0,1086.0,1395.0,0.0,38.540001,250000.0,14.325,0,0,1000,0,10,28868,28868,44.23,u25,0.25,25.0,20,44.23,0.851057983,0.9149165153503418,failed_recall,/mnt/bak3/lzg/PipeANN-github/experiments/r116_suite_pq16_aris_20260520_072453/raw/calibration/intersect_u25_graph_L20.jsonl,/mnt/bak3/lzg/PipeANN-github/experiments/r116_suite_pq16_aris_20260520_072453/logs/calibration/intersect_u25_graph_L20.json
pipeann.hybrid.search.v1,/mnt/bak3/lzg/PipeANN-github/experiments/r116_suite_pq16_aris_20260520_072453/tmp/direct_1m_pq16,intersect,/mnt/bak3/lzg/PipeANN-github/experiments/r116_suite/labels/query_1000_u25.spmat,1000,1,4,0,graph,graph,30,True,0,1,0,0,1,1,954.348083,1009.065002,1002.0,1107.0,1147.0,1226.0,1604.0,0.0,46.868,250000.0,15.577,0,0,1000,0,10,29636,29636,53.66,u25,0.25,25.0,30,53.66,1.009065002,1.0634980201721191,failed_recall,/mnt/bak3/lzg/PipeANN-github/experiments/r116_suite_pq16_aris_20260520_072453/raw/calibration/intersect_u25_graph_L30.jsonl,/mnt/bak3/lzg/PipeANN-github/experiments/r116_suite_pq16_aris_20260520_072453/logs/calibration/intersect_u25_graph_L30.json
pipeann.hybrid.search.v1,/mnt/bak3/lzg/PipeANN-github/experiments/r116_suite_pq16_aris_20260520_072453/tmp/direct_1m_pq16,intersect,/mnt/bak3/lzg/PipeANN-github/experiments/r116_suite/labels/query_1000_u25.spmat,1000,1,4,0,graph,graph,40,True,0,1,0,0,1,1,777.110779,1229.28894,1221.0,1319.0,1359.0,1447.0,2637.0,0.0,55.879002,250000.0,21.235,0,0,1000,0,10,29716,29716,61.360001,u25,0.25,25.0,40,61.360001,1.22928894,1.3065986633300781,failed_recall,/mnt/bak3/lzg/PipeANN-github/experiments/r116_suite_pq16_aris_20260520_072453/raw/calibration/intersect_u25_graph_L40.jsonl,/mnt/bak3/lzg/PipeANN-github/experiments/r116_suite_pq16_aris_20260520_072453/logs/calibration/intersect_u25_graph_L40.json
pipeann.hybrid.search.v1,/mnt/bak3/lzg/PipeANN-github/experiments/r116_suite_pq16_aris_20260520_072453/tmp/direct_1m_pq16,intersect,/mnt/bak3/lzg/PipeANN-github/experiments/r116_suite/labels/query_1000_u25.spmat,1000,1,4,0,graph,graph,50,True,0,1,0,0,1,1,719.708008,1341.233032,1339.0,1423.0,1455.0,1526.0,1999.0,0.0,65.055,250000.0,15.114,0,0,1000,0,10,29844,29844,67.510002,u25,0.25,25.0,50,67.510002,1.341233032,1.4242994785308838,failed_recall,/mnt/bak3/lzg/PipeANN-github/experiments/r116_suite_pq16_aris_20260520_072453/raw/calibration/intersect_u25_graph_L50.jsonl,/mnt/bak3/lzg/PipeANN-github/experiments/r116_suite_pq16_aris_20260520_072453/logs/calibration/intersect_u25_graph_L50.json
pipeann.hybrid.search.v1,/mnt/bak3/lzg/PipeANN-github/experiments/r116_suite_pq16_aris_20260520_072453/tmp/direct_1m_pq16,intersect,/mnt/bak3/lzg/PipeANN-github/experiments/r116_suite/labels/query_1000_u25.spmat,1000,1,4,0,graph,graph,75,True,0,1,0,0,1,1,543.095703,1784.189941,1781.0,1867.0,1902.0,1969.0,2333.0,0.0,88.959999,250000.0,15.24,0,0,1000,0,10,29716,29716,77.239998,u25,0.25,25.0,75,77.239998,1.7841899410000002,1.8570351600646973,failed_recall,/mnt/bak3/lzg/PipeANN-github/experiments/r116_suite_pq16_aris_20260520_072453/raw/calibration/intersect_u25_graph_L75.jsonl,/mnt/bak3/lzg/PipeANN-github/experiments/r116_suite_pq16_aris_20260520_072453/logs/calibration/intersect_u25_graph_L75.json
pipeann.hybrid.search.v1,/mnt/bak3/lzg/PipeANN-github/experiments/r116_suite_pq16_aris_20260520_072453/tmp/direct_1m_pq16,intersect,/mnt/bak3/lzg/PipeANN-github/experiments/r116_suite/labels/query_1000_u25.spmat,1000,1,4,0,graph,graph,100,True,167093,1,167093,167093,1,1,416.663025,2304.565918,2297.0,2407.0,2433.0,2511.0,4266.0,0.0,113.264999,250000.0,21.984,0,0,1000,0,10,30352,30352,83.209999,u25,0.25,25.0,100,83.209999,2.3045659179999998,2.434251546859741,failed_recall,/mnt/bak3/lzg/PipeANN-github/experiments/r116_suite_pq16_aris_20260520_072453/raw/calibration/intersect_u25_graph_L100.jsonl,/mnt/bak3/lzg/PipeANN-github/experiments/r116_suite_pq16_aris_20260520_072453/logs/calibration/intersect_u25_graph_L100.json
pipeann.hybrid.search.v1,/mnt/bak3/lzg/PipeANN-github/experiments/r116_suite_pq16_aris_20260520_072453/tmp/direct_1m_pq16,intersect,/mnt/bak3/lzg/PipeANN-github/experiments/r116_suite/labels/query_1000_u25.spmat,1000,1,4,0,graph,graph,125,True,0,1,0,0,1,1,358.478546,2701.069092,2693.0,2782.0,2817.0,2890.0,4018.0,0.0,137.839996,250000.0,16.949,0,0,1000,0,10,30076,30076,87.370003,u25,0.25,25.0,125,87.370003,2.701069092,2.8233213424682617,failed_recall,/mnt/bak3/lzg/PipeANN-github/experiments/r116_suite_pq16_aris_20260520_072453/raw/calibration/intersect_u25_graph_L125.jsonl,/mnt/bak3/lzg/PipeANN-github/experiments/r116_suite_pq16_aris_20260520_072453/logs/calibration/intersect_u25_graph_L125.json
pipeann.hybrid.search.v1,/mnt/bak3/lzg/PipeANN-github/experiments/r116_suite_pq16_aris_20260520_072453/tmp/direct_1m_pq16,intersect,/mnt/bak3/lzg/PipeANN-github/experiments/r116_suite/labels/query_1000_u25.spmat,1000,1,4,0,graph,graph,150,True,0,1,0,0,1,1,306.550293,3165.60791,3156.0,3255.0,3286.0,3355.0,4449.0,0.0,162.559006,250000.0,17.085,0,0,1000,0,10,30076,30076,90.290001,u25,0.25,25.0,150,90.290001,3.1656079100000003,3.2966859340667725,failed_recall,/mnt/bak3/lzg/PipeANN-github/experiments/r116_suite_pq16_aris_20260520_072453/raw/calibration/intersect_u25_graph_L150.jsonl,/mnt/bak3/lzg/PipeANN-github/experiments/r116_suite_pq16_aris_20260520_072453/logs/calibration/intersect_u25_graph_L150.json
pipeann.hybrid.search.v1,/mnt/bak3/lzg/PipeANN-github/experiments/r116_suite_pq16_aris_20260520_072453/tmp/direct_1m_pq16,intersect,/mnt/bak3/lzg/PipeANN-github/experiments/r116_suite/labels/query_1000_u25.spmat,1000,1,4,0,graph,graph,200,True,0,1,0,0,1,1,238.109772,4091.353027,4080.0,4181.0,4210.0,4319.0,5551.0,0.0,212.110001,250000.0,16.903,0,0,1000,0,10,30144,30144,93.870003,u25,0.25,25.0,200,93.870003,4.091353027,4.234175682067871,failed_recall,/mnt/bak3/lzg/PipeANN-github/experiments/r116_suite_pq16_aris_20260520_072453/raw/calibration/intersect_u25_graph_L200.jsonl,/mnt/bak3/lzg/PipeANN-github/experiments/r116_suite_pq16_aris_20260520_072453/logs/calibration/intersect_u25_graph_L200.json
pipeann.hybrid.search.v1,/mnt/bak3/lzg/PipeANN-github/experiments/r116_suite_pq16_aris_20260520_072453/tmp/direct_1m_pq16,intersect,/mnt/bak3/lzg/PipeANN-github/experiments/r116_suite/labels/query_1000_u25.spmat,1000,1,4,0,graph,graph,300,True,0,1,0,0,1,1,163.207153,5967.839844,5959.0,6069.0,6102.0,6229.0,6930.0,0.0,311.519012,250000.0,17.284,0,0,1000,0,10,31296,31296,96.800003,u25,0.25,25.0,300,96.800003,5.967839844,6.14341926574707,failed_recall,/mnt/bak3/lzg/PipeANN-github/experiments/r116_suite_pq16_aris_20260520_072453/raw/calibration/intersect_u25_graph_L300.jsonl,/mnt/bak3/lzg/PipeANN-github/experiments/r116_suite_pq16_aris_20260520_072453/logs/calibration/intersect_u25_graph_L300.json
pipeann.hybrid.search.v1,/mnt/bak3/lzg/PipeANN-github/experiments/r116_suite_pq16_aris_20260520_072453/tmp/direct_1m_pq16,intersect,/mnt/bak3/lzg/PipeANN-github/experiments/r116_suite/labels/query_1000_u25.spmat,1000,1,4,0,graph,graph,400,True,0,1,0,0,1,1,124.567451,7845.196777,7833.0,7948.0,7986.0,8148.0,10051.0,0.0,411.110992,250000.0,17.244,0,0,1000,0,10,31220,31220,98.379997,u25,0.25,25.0,400,98.379997,7.845196777,8.060879707336426,ok,/mnt/bak3/lzg/PipeANN-github/experiments/r116_suite_pq16_aris_20260520_072453/raw/calibration/intersect_u25_graph_L400.jsonl,/mnt/bak3/lzg/PipeANN-github/experiments/r116_suite_pq16_aris_20260520_072453/logs/calibration/intersect_u25_graph_L400.json
pipeann.hybrid.search.v1,/mnt/bak3/lzg/PipeANN-github/experiments/r116_suite_pq16_aris_20260520_072453/tmp/direct_1m_pq16,intersect,/mnt/bak3/lzg/PipeANN-github/experiments/r116_suite/labels/query_1000_u30.spmat,1000,1,4,0,prefilter,prefilter,10,True,0,1,0,0,1,1,243.057373,3748.625,3709.0,3936.0,3947.0,4001.0,4109.0,0.0,192.0,300000.0,17.124,0,1000,0,0,10,31680,31680,99.519997,u30,0.3,30.0,10,99.519997,3.748625,4.130209684371948,ok,/mnt/bak3/lzg/PipeANN-github/experiments/r116_suite_pq16_aris_20260520_072453/raw/calibration/intersect_u30_prefilter_L10.jsonl,/mnt/bak3/lzg/PipeANN-github/experiments/r116_suite_pq16_aris_20260520_072453/logs/calibration/intersect_u30_prefilter_L10.json
pipeann.hybrid.search.v1,/mnt/bak3/lzg/PipeANN-github/experiments/r116_suite_pq16_aris_20260520_072453/tmp/direct_1m_pq16,intersect,/mnt/bak3/lzg/PipeANN-github/experiments/r116_suite/labels/query_1000_u30.spmat,1000,1,4,0,graph,graph,10,True,0,1,0,0,1,1,1326.498413,732.247009,724.0,869.0,915.0,1025.0,1438.0,0.0,32.172001,300000.0,14.501,0,0,1000,0,10,28796,28796,33.139999,u30,0.3,30.0,10,33.139999,0.7322470090000001,0.7698009014129639,failed_recall,/mnt/bak3/lzg/PipeANN-github/experiments/r116_suite_pq16_aris_20260520_072453/raw/calibration/intersect_u30_graph_L10.jsonl,/mnt/bak3/lzg/PipeANN-github/experiments/r116_suite_pq16_aris_20260520_072453/logs/calibration/intersect_u30_graph_L10.json
pipeann.hybrid.search.v1,/mnt/bak3/lzg/PipeANN-github/experiments/r116_suite_pq16_aris_20260520_072453/tmp/direct_1m_pq16,intersect,/mnt/bak3/lzg/PipeANN-github/experiments/r116_suite/labels/query_1000_u30.spmat,1000,1,4,0,graph,graph,20,True,0,1,0,0,1,1,1138.464355,850.447021,843.0,961.0,1005.0,1082.0,1401.0,0.0,38.554001,300000.0,14.502,0,0,1000,0,10,28880,28880,47.619999,u30,0.3,30.0,20,47.619999,0.8504470209999999,0.911247730255127,failed_recall,/mnt/bak3/lzg/PipeANN-github/experiments/r116_suite_pq16_aris_20260520_072453/raw/calibration/intersect_u30_graph_L20.jsonl,/mnt/bak3/lzg/PipeANN-github/experiments/r116_suite_pq16_aris_20260520_072453/logs/calibration/intersect_u30_graph_L20.json
pipeann.hybrid.search.v1,/mnt/bak3/lzg/PipeANN-github/experiments/r116_suite_pq16_aris_20260520_072453/tmp/direct_1m_pq16,intersect,/mnt/bak3/lzg/PipeANN-github/experiments/r116_suite/labels/query_1000_u30.spmat,1000,1,4,0,graph,graph,30,True,0,1,0,0,1,1,956.130615,1007.924011,999.0,1100.0,1148.0,1269.0,2205.0,0.0,46.860001,300000.0,15.335,0,0,1000,0,10,29620,29620,57.09,u30,0.3,30.0,30,57.09,1.0079240109999998,1.0801031589508057,failed_recall,/mnt/bak3/lzg/PipeANN-github/experiments/r116_suite_pq16_aris_20260520_072453/raw/calibration/intersect_u30_graph_L30.jsonl,/mnt/bak3/lzg/PipeANN-github/experiments/r116_suite_pq16_aris_20260520_072453/logs/calibration/intersect_u30_graph_L30.json
pipeann.hybrid.search.v1,/mnt/bak3/lzg/PipeANN-github/experiments/r116_suite_pq16_aris_20260520_072453/tmp/direct_1m_pq16,intersect,/mnt/bak3/lzg/PipeANN-github/experiments/r116_suite/labels/query_1000_u30.spmat,1000,1,4,0,graph,graph,40,True,0,1,0,0,1,1,774.550171,1233.256958,1223.0,1320.0,1362.0,1523.0,3209.0,0.0,55.877998,300000.0,21.729,0,0,1000,0,10,29564,29564,64.589996,u30,0.3,30.0,40,64.589996,1.233256958,1.327383041381836,failed_recall,/mnt/bak3/lzg/PipeANN-github/experiments/r116_suite_pq16_aris_20260520_072453/raw/calibration/intersect_u30_graph_L40.jsonl,/mnt/bak3/lzg/PipeANN-github/experiments/r116_suite_pq16_aris_20260520_072453/logs/calibration/intersect_u30_graph_L40.json
pipeann.hybrid.search.v1,/mnt/bak3/lzg/PipeANN-github/experiments/r116_suite_pq16_aris_20260520_072453/tmp/direct_1m_pq16,intersect,/mnt/bak3/lzg/PipeANN-github/experiments/r116_suite/labels/query_1000_u30.spmat,1000,1,4,0,graph,graph,50,True,0,1,0,0,1,1,718.264648,1343.868042,1340.0,1428.0,1461.0,1532.0,2341.0,0.0,65.061996,300000.0,15.45,0,0,1000,0,10,29564,29564,70.760002,u30,0.3,30.0,50,70.760002,1.343868042,1.4275619983673096,failed_recall,/mnt/bak3/lzg/PipeANN-github/experiments/r116_suite_pq16_aris_20260520_072453/raw/calibration/intersect_u30_graph_L50.jsonl,/mnt/bak3/lzg/PipeANN-github/experiments/r116_suite_pq16_aris_20260520_072453/logs/calibration/intersect_u30_graph_L50.json
pipeann.hybrid.search.v1,/mnt/bak3/lzg/PipeANN-github/experiments/r116_suite_pq16_aris_20260520_072453/tmp/direct_1m_pq16,intersect,/mnt/bak3/lzg/PipeANN-github/experiments/r116_suite/labels/query_1000_u30.spmat,1000,1,4,0,graph,graph,75,True,0,1,0,0,1,1,542.666565,1785.850952,1784.0,1866.0,1902.0,1968.0,2575.0,0.0,88.956001,300000.0,15.872,0,0,1000,0,10,29624,29624,79.720001,u30,0.3,30.0,75,79.720001,1.785850952,1.8587639331817627,failed_recall,/mnt/bak3/lzg/PipeANN-github/experiments/r116_suite_pq16_aris_20260520_072453/raw/calibration/intersect_u30_graph_L75.jsonl,/mnt/bak3/lzg/PipeANN-github/experiments/r116_suite_pq16_aris_20260520_072453/logs/calibration/intersect_u30_graph_L75.json
pipeann.hybrid.search.v1,/mnt/bak3/lzg/PipeANN-github/experiments/r116_suite_pq16_aris_20260520_072453/tmp/direct_1m_pq16,intersect,/mnt/bak3/lzg/PipeANN-github/experiments/r116_suite/labels/query_1000_u30.spmat,1000,1,4,0,graph,graph,100,True,167093,1,167093,167093,1,1,413.473114,2321.907959,2309.0,2425.0,2452.0,2546.0,4500.0,0.0,113.263,300000.0,23.519,0,0,1000,0,10,30140,30140,85.25,u30,0.3,30.0,100,85.25,2.3219079590000002,2.453737258911133,failed_recall,/mnt/bak3/lzg/PipeANN-github/experiments/r116_suite_pq16_aris_20260520_072453/raw/calibration/intersect_u30_graph_L100.jsonl,/mnt/bak3/lzg/PipeANN-github/experiments/r116_suite_pq16_aris_20260520_072453/logs/calibration/intersect_u30_graph_L100.json
pipeann.hybrid.search.v1,/mnt/bak3/lzg/PipeANN-github/experiments/r116_suite_pq16_aris_20260520_072453/tmp/direct_1m_pq16,intersect,/mnt/bak3/lzg/PipeANN-github/experiments/r116_suite/labels/query_1000_u30.spmat,1000,1,4,0,graph,graph,125,True,0,1,0,0,1,1,358.742371,2698.605957,2688.0,2785.0,2818.0,2884.0,3830.0,0.0,137.835999,300000.0,17.204,0,0,1000,0,10,29980,29980,89.0,u30,0.3,30.0,125,89.0,2.6986059570000003,2.821932077407837,failed_recall,/mnt/bak3/lzg/PipeANN-github/experiments/r116_suite_pq16_aris_20260520_072453/raw/calibration/intersect_u30_graph_L125.jsonl,/mnt/bak3/lzg/PipeANN-github/experiments/r116_suite_pq16_aris_20260520_072453/logs/calibration/intersect_u30_graph_L125.json
pipeann.hybrid.search.v1,/mnt/bak3/lzg/PipeANN-github/experiments/r116_suite_pq16_aris_20260520_072453/tmp/direct_1m_pq16,intersect,/mnt/bak3/lzg/PipeANN-github/experiments/r116_suite/labels/query_1000_u30.spmat,1000,1,4,0,graph,graph,150,True,0,1,0,0,1,1,307.119171,3159.545898,3152.0,3247.0,3274.0,3338.0,4087.0,0.0,162.559006,300000.0,17.149,0,0,1000,0,10,30148,30148,91.620003,u30,0.3,30.0,150,91.620003,3.1595458979999997,3.272024393081665,failed_recall,/mnt/bak3/lzg/PipeANN-github/experiments/r116_suite_pq16_aris_20260520_072453/raw/calibration/intersect_u30_graph_L150.jsonl,/mnt/bak3/lzg/PipeANN-github/experiments/r116_suite_pq16_aris_20260520_072453/logs/calibration/intersect_u30_graph_L150.json
pipeann.hybrid.search.v1,/mnt/bak3/lzg/PipeANN-github/experiments/r116_suite_pq16_aris_20260520_072453/tmp/direct_1m_pq16,intersect,/mnt/bak3/lzg/PipeANN-github/experiments/r116_suite/labels/query_1000_u30.spmat,1000,1,4,0,graph,graph,200,True,0,1,0,0,1,1,238.232056,4088.920898,4078.0,4183.0,4212.0,4294.0,5092.0,0.0,212.112,300000.0,17.381,0,0,1000,0,10,30144,30144,94.650002,u30,0.3,30.0,200,94.650002,4.088920898,4.2135326862335205,failed_recall,/mnt/bak3/lzg/PipeANN-github/experiments/r116_suite_pq16_aris_20260520_072453/raw/calibration/intersect_u30_graph_L200.jsonl,/mnt/bak3/lzg/PipeANN-github/experiments/r116_suite_pq16_aris_20260520_072453/logs/calibration/intersect_u30_graph_L200.json
pipeann.hybrid.search.v1,/mnt/bak3/lzg/PipeANN-github/experiments/r116_suite_pq16_aris_20260520_072453/tmp/direct_1m_pq16,intersect,/mnt/bak3/lzg/PipeANN-github/experiments/r116_suite/labels/query_1000_u30.spmat,1000,1,4,0,graph,graph,300,True,0,1,0,0,1,1,163.32251,5963.754883,5953.0,6059.0,6094.0,6225.0,7382.0,0.0,311.511993,300000.0,17.422,0,0,1000,0,10,31264,31264,97.110001,u30,0.3,30.0,300,97.110001,5.963754883,6.1570117473602295,failed_recall,/mnt/bak3/lzg/PipeANN-github/experiments/r116_suite_pq16_aris_20260520_072453/raw/calibration/intersect_u30_graph_L300.jsonl,/mnt/bak3/lzg/PipeANN-github/experiments/r116_suite_pq16_aris_20260520_072453/logs/calibration/intersect_u30_graph_L300.json
pipeann.hybrid.search.v1,/mnt/bak3/lzg/PipeANN-github/experiments/r116_suite_pq16_aris_20260520_072453/tmp/direct_1m_pq16,intersect,/mnt/bak3/lzg/PipeANN-github/experiments/r116_suite/labels/query_1000_u30.spmat,1000,1,4,0,graph,graph,400,True,0,1,0,0,1,1,124.497108,7850.241211,7842.0,7962.0,8002.0,8089.0,9451.0,0.0,411.11499,300000.0,17.565,0,0,1000,0,10,31256,31256,98.440002,u30,0.3,30.0,400,98.440002,7.850241210999999,8.048539400100708,ok,/mnt/bak3/lzg/PipeANN-github/experiments/r116_suite_pq16_aris_20260520_072453/raw/calibration/intersect_u30_graph_L400.jsonl,/mnt/bak3/lzg/PipeANN-github/experiments/r116_suite_pq16_aris_20260520_072453/logs/calibration/intersect_u30_graph_L400.json
pipeann.hybrid.search.v1,/mnt/bak3/lzg/PipeANN-github/experiments/r116_suite_pq16_aris_20260520_072453/tmp/direct_1m_pq16,intersect,/mnt/bak3/lzg/PipeANN-github/experiments/r116_suite/labels/query_1000_u50.spmat,1000,1,4,0,prefilter,prefilter,10,True,0,1,0,0,1,1,141.583267,6440.315918,6062.0,8426.0,8460.0,8524.0,9545.0,0.0,192.0,500000.0,19.396,0,1000,0,0,10,33128,33128,99.220001,u50,0.5,50.0,10,99.220001,6.4403159180000005,7.097105979919434,ok,/mnt/bak3/lzg/PipeANN-github/experiments/r116_suite_pq16_aris_20260520_072453/raw/calibration/intersect_u50_prefilter_L10.jsonl,/mnt/bak3/lzg/PipeANN-github/experiments/r116_suite_pq16_aris_20260520_072453/logs/calibration/intersect_u50_prefilter_L10.json
pipeann.hybrid.search.v1,/mnt/bak3/lzg/PipeANN-github/experiments/r116_suite_pq16_aris_20260520_072453/tmp/direct_1m_pq16,intersect,/mnt/bak3/lzg/PipeANN-github/experiments/r116_suite/labels/query_1000_u50.spmat,1000,1,4,0,graph,graph,10,True,0,1,0,0,1,1,1323.569214,734.348999,726.0,874.0,916.0,1024.0,1709.0,0.0,32.169998,500000.0,14.194,0,0,1000,0,10,28768,28768,43.549999,u50,0.5,50.0,10,43.549999,0.7343489990000001,0.788740873336792,failed_recall,/mnt/bak3/lzg/PipeANN-github/experiments/r116_suite_pq16_aris_20260520_072453/raw/calibration/intersect_u50_graph_L10.jsonl,/mnt/bak3/lzg/PipeANN-github/experiments/r116_suite_pq16_aris_20260520_072453/logs/calibration/intersect_u50_graph_L10.json
pipeann.hybrid.search.v1,/mnt/bak3/lzg/PipeANN-github/experiments/r116_suite_pq16_aris_20260520_072453/tmp/direct_1m_pq16,intersect,/mnt/bak3/lzg/PipeANN-github/experiments/r116_suite/labels/query_1000_u50.spmat,1000,1,4,0,graph,graph,20,True,0,1,0,0,1,1,1147.475586,843.892029,837.0,954.0,994.0,1074.0,1339.0,0.0,38.540001,500000.0,14.286,0,0,1000,0,10,29044,29044,59.73,u50,0.5,50.0,20,59.73,0.8438920289999999,0.9052548408508301,failed_recall,/mnt/bak3/lzg/PipeANN-github/experiments/r116_suite_pq16_aris_20260520_072453/raw/calibration/intersect_u50_graph_L20.jsonl,/mnt/bak3/lzg/PipeANN-github/experiments/r116_suite_pq16_aris_20260520_072453/logs/calibration/intersect_u50_graph_L20.json
pipeann.hybrid.search.v1,/mnt/bak3/lzg/PipeANN-github/experiments/r116_suite_pq16_aris_20260520_072453/tmp/direct_1m_pq16,intersect,/mnt/bak3/lzg/PipeANN-github/experiments/r116_suite/labels/query_1000_u50.spmat,1000,1,4,0,graph,graph,30,True,0,1,0,0,1,1,909.85376,1049.06897,1038.0,1145.0,1192.0,1377.0,2332.0,0.0,46.875,500000.0,19.771,0,0,1000,0,10,29644,29644,69.139999,u50,0.5,50.0,30,69.139999,1.04906897,1.1352827548980713,failed_recall,/mnt/bak3/lzg/PipeANN-github/experiments/r116_suite_pq16_aris_20260520_072453/raw/calibration/intersect_u50_graph_L30.jsonl,/mnt/bak3/lzg/PipeANN-github/experiments/r116_suite_pq16_aris_20260520_072453/logs/calibration/intersect_u50_graph_L30.json
pipeann.hybrid.search.v1,/mnt/bak3/lzg/PipeANN-github/experiments/r116_suite_pq16_aris_20260520_072453/tmp/direct_1m_pq16,intersect,/mnt/bak3/lzg/PipeANN-github/experiments/r116_suite/labels/query_1000_u50.spmat,1000,1,4,0,graph,graph,40,True,0,1,0,0,1,1,821.355774,1173.540039,1169.0,1263.0,1304.0,1379.0,2027.0,0.0,55.875,500000.0,14.852,0,0,1000,0,10,29552,29552,75.75,u50,0.5,50.0,40,75.75,1.173540039,1.2556757926940918,failed_recall,/mnt/bak3/lzg/PipeANN-github/experiments/r116_suite_pq16_aris_20260520_072453/raw/calibration/intersect_u50_graph_L40.jsonl,/mnt/bak3/lzg/PipeANN-github/experiments/r116_suite_pq16_aris_20260520_072453/logs/calibration/intersect_u50_graph_L40.json
pipeann.hybrid.search.v1,/mnt/bak3/lzg/PipeANN-github/experiments/r116_suite_pq16_aris_20260520_072453/tmp/direct_1m_pq16,intersect,/mnt/bak3/lzg/PipeANN-github/experiments/r116_suite/labels/query_1000_u50.spmat,1000,1,4,0,graph,graph,50,True,0,1,0,0,1,1,744.707581,1289.704956,1287.0,1378.0,1406.0,1475.0,1911.0,0.0,65.056,500000.0,16.532,0,0,1000,0,10,29680,29680,80.959999,u50,0.5,50.0,50,80.959999,1.289704956,1.36216139793396,failed_recall,/mnt/bak3/lzg/PipeANN-github/experiments/r116_suite_pq16_aris_20260520_072453/raw/calibration/intersect_u50_graph_L50.jsonl,/mnt/bak3/lzg/PipeANN-github/experiments/r116_suite_pq16_aris_20260520_072453/logs/calibration/intersect_u50_graph_L50.json
pipeann.hybrid.search.v1,/mnt/bak3/lzg/PipeANN-github/experiments/r116_suite_pq16_aris_20260520_072453/tmp/direct_1m_pq16,intersect,/mnt/bak3/lzg/PipeANN-github/experiments/r116_suite/labels/query_1000_u50.spmat,1000,1,4,0,graph,graph,75,True,0,1,0,0,1,1,542.914001,1784.53894,1782.0,1866.0,1897.0,1969.0,2458.0,0.0,88.962997,500000.0,15.391,0,0,1000,0,10,29652,29652,87.900002,u50,0.5,50.0,75,87.900002,1.78453894,1.8752942085266113,failed_recall,/mnt/bak3/lzg/PipeANN-github/experiments/r116_suite_pq16_aris_20260520_072453/raw/calibration/intersect_u50_graph_L75.jsonl,/mnt/bak3/lzg/PipeANN-github/experiments/r116_suite_pq16_aris_20260520_072453/logs/calibration/intersect_u50_graph_L75.json
pipeann.hybrid.search.v1,/mnt/bak3/lzg/PipeANN-github/experiments/r116_suite_pq16_aris_20260520_072453/tmp/direct_1m_pq16,intersect,/mnt/bak3/lzg/PipeANN-github/experiments/r116_suite/labels/query_1000_u50.spmat,1000,1,4,0,graph,graph,100,True,167093,1,167093,167093,1,1,431.529785,2237.663086,2230.0,2317.0,2344.0,2411.0,2904.0,0.0,113.259003,500000.0,16.368,0,0,1000,0,10,30132,30132,91.809998,u50,0.5,50.0,100,91.809998,2.237663086,2.333416700363159,failed_recall,/mnt/bak3/lzg/PipeANN-github/experiments/r116_suite_pq16_aris_20260520_072453/raw/calibration/intersect_u50_graph_L100.jsonl,/mnt/bak3/lzg/PipeANN-github/experiments/r116_suite_pq16_aris_20260520_072453/logs/calibration/intersect_u50_graph_L100.json
pipeann.hybrid.search.v1,/mnt/bak3/lzg/PipeANN-github/experiments/r116_suite_pq16_aris_20260520_072453/tmp/direct_1m_pq16,intersect,/mnt/bak3/lzg/PipeANN-github/experiments/r116_suite/labels/query_1000_u50.spmat,1000,1,4,0,graph,graph,125,True,0,1,0,0,1,1,347.410278,2771.666016,2768.0,2886.0,2916.0,2966.0,5465.0,0.0,137.843002,500000.0,22.134,0,0,1000,0,10,30292,30292,94.330002,u50,0.5,50.0,125,94.330002,2.771666016,2.9119210243225098,failed_recall,/mnt/bak3/lzg/PipeANN-github/experiments/r116_suite_pq16_aris_20260520_072453/raw/calibration/intersect_u50_graph_L125.jsonl,/mnt/bak3/lzg/PipeANN-github/experiments/r116_suite_pq16_aris_20260520_072453/logs/calibration/intersect_u50_graph_L125.json
pipeann.hybrid.search.v1,/mnt/bak3/lzg/PipeANN-github/experiments/r116_suite_pq16_aris_20260520_072453/tmp/direct_1m_pq16,intersect,/mnt/bak3/lzg/PipeANN-github/experiments/r116_suite/labels/query_1000_u50.spmat,1000,1,4,0,graph,graph,150,True,0,1,0,0,1,1,306.654724,3163.559082,3152.0,3251.0,3280.0,3360.0,4525.0,0.0,162.557999,500000.0,16.978,0,0,1000,0,10,30136,30136,95.800003,u50,0.5,50.0,150,95.800003,3.1635590820000004,3.2954516410827637,failed_recall,/mnt/bak3/lzg/PipeANN-github/experiments/r116_suite_pq16_aris_20260520_072453/raw/calibration/intersect_u50_graph_L150.jsonl,/mnt/bak3/lzg/PipeANN-github/experiments/r116_suite_pq16_aris_20260520_072453/logs/calibration/intersect_u50_graph_L150.json
pipeann.hybrid.search.v1,/mnt/bak3/lzg/PipeANN-github/experiments/r116_suite_pq16_aris_20260520_072453/tmp/direct_1m_pq16,intersect,/mnt/bak3/lzg/PipeANN-github/experiments/r116_suite/labels/query_1000_u50.spmat,1000,1,4,0,graph,graph,200,True,0,1,0,0,1,1,237.538177,4101.099121,4081.0,4183.0,4214.0,4326.0,10915.0,0.0,212.102997,500000.0,17.253,0,0,1000,0,10,30240,30240,97.139999,u50,0.5,50.0,200,97.139999,4.101099121,4.243632078170776,failed_recall,/mnt/bak3/lzg/PipeANN-github/experiments/r116_suite_pq16_aris_20260520_072453/raw/calibration/intersect_u50_graph_L200.jsonl,/mnt/bak3/lzg/PipeANN-github/experiments/r116_suite_pq16_aris_20260520_072453/logs/calibration/intersect_u50_graph_L200.json
pipeann.hybrid.search.v1,/mnt/bak3/lzg/PipeANN-github/experiments/r116_suite_pq16_aris_20260520_072453/tmp/direct_1m_pq16,intersect,/mnt/bak3/lzg/PipeANN-github/experiments/r116_suite/labels/query_1000_u50.spmat,1000,1,4,0,graph,graph,300,True,0,1,0,0,1,1,163.272736,5965.408203,5954.0,6062.0,6102.0,6271.0,7427.0,0.0,311.515015,500000.0,17.229,0,0,1000,0,10,31296,31296,98.599998,u50,0.5,50.0,300,98.599998,5.965408203,6.158609867095947,ok,/mnt/bak3/lzg/PipeANN-github/experiments/r116_suite_pq16_aris_20260520_072453/raw/calibration/intersect_u50_graph_L300.jsonl,/mnt/bak3/lzg/PipeANN-github/experiments/r116_suite_pq16_aris_20260520_072453/logs/calibration/intersect_u50_graph_L300.json
pipeann.hybrid.search.v1,/mnt/bak3/lzg/PipeANN-github/experiments/r116_suite_pq16_aris_20260520_072453/tmp/direct_1m_pq16,intersect,/mnt/bak3/lzg/PipeANN-github/experiments/r116_suite/labels/query_1000_u75.spmat,1000,1,4,0,prefilter,prefilter,10,True,0,1,0,0,1,1,103.86805,8790.040039,8757.0,8929.0,8945.0,9126.0,9536.0,0.0,192.0,750000.0,19.042,0,1000,0,0,10,35192,35192,99.089996,u75,0.75,75.0,10,99.089996,8.790040038999999,9.64413070678711,ok,/mnt/bak3/lzg/PipeANN-github/experiments/r116_suite_pq16_aris_20260520_072453/raw/calibration/intersect_u75_prefilter_L10.jsonl,/mnt/bak3/lzg/PipeANN-github/experiments/r116_suite_pq16_aris_20260520_072453/logs/calibration/intersect_u75_prefilter_L10.json
pipeann.hybrid.search.v1,/mnt/bak3/lzg/PipeANN-github/experiments/r116_suite_pq16_aris_20260520_072453/tmp/direct_1m_pq16,intersect,/mnt/bak3/lzg/PipeANN-github/experiments/r116_suite/labels/query_1000_u75.spmat,1000,1,4,0,graph,graph,10,True,0,1,0,0,1,1,1329.306396,730.492004,723.0,866.0,912.0,1019.0,1769.0,0.0,32.122002,750000.0,14.456,0,0,1000,0,10,28848,28848,53.450001,u75,0.75,75.0,10,53.450001,0.7304920039999999,0.7865564823150635,failed_recall,/mnt/bak3/lzg/PipeANN-github/experiments/r116_suite_pq16_aris_20260520_072453/raw/calibration/intersect_u75_graph_L10.jsonl,/mnt/bak3/lzg/PipeANN-github/experiments/r116_suite_pq16_aris_20260520_072453/logs/calibration/intersect_u75_graph_L10.json
pipeann.hybrid.search.v1,/mnt/bak3/lzg/PipeANN-github/experiments/r116_suite_pq16_aris_20260520_072453/tmp/direct_1m_pq16,intersect,/mnt/bak3/lzg/PipeANN-github/experiments/r116_suite/labels/query_1000_u75.spmat,1000,1,4,0,graph,graph,20,True,0,1,0,0,1,1,1088.424561,882.424011,877.0,993.0,1041.0,1132.0,1828.0,0.0,38.568001,750000.0,19.635,0,0,1000,0,10,28868,28868,70.360001,u75,0.75,75.0,20,70.360001,0.8824240109999999,0.9538166522979736,failed_recall,/mnt/bak3/lzg/PipeANN-github/experiments/r116_suite_pq16_aris_20260520_072453/raw/calibration/intersect_u75_graph_L20.jsonl,/mnt/bak3/lzg/PipeANN-github/experiments/r116_suite_pq16_aris_20260520_072453/logs/calibration/intersect_u75_graph_L20.json
pipeann.hybrid.search.v1,/mnt/bak3/lzg/PipeANN-github/experiments/r116_suite_pq16_aris_20260520_072453/tmp/direct_1m_pq16,intersect,/mnt/bak3/lzg/PipeANN-github/experiments/r116_suite/labels/query_1000_u75.spmat,1000,1,4,0,graph,graph,30,True,0,1,0,0,1,1,900.603027,1060.312012,1048.0,1156.0,1202.0,1411.0,2669.0,0.0,46.886002,750000.0,20.471,0,0,1000,0,10,29624,29624,78.529999,u75,0.75,75.0,30,78.529999,1.060312012,1.1495912075042725,failed_recall,/mnt/bak3/lzg/PipeANN-github/experiments/r116_suite_pq16_aris_20260520_072453/raw/calibration/intersect_u75_graph_L30.jsonl,/mnt/bak3/lzg/PipeANN-github/experiments/r116_suite_pq16_aris_20260520_072453/logs/calibration/intersect_u75_graph_L30.json
pipeann.hybrid.search.v1,/mnt/bak3/lzg/PipeANN-github/experiments/r116_suite_pq16_aris_20260520_072453/tmp/direct_1m_pq16,intersect,/mnt/bak3/lzg/PipeANN-github/experiments/r116_suite/labels/query_1000_u75.spmat,1000,1,4,0,graph,graph,40,True,0,1,0,0,1,1,813.994629,1179.781006,1171.0,1270.0,1307.0,1383.0,2003.0,0.0,55.869999,750000.0,17.124,0,0,1000,0,10,29488,29488,84.050003,u75,0.75,75.0,40,84.050003,1.179781006,1.2521889209747314,failed_recall,/mnt/bak3/lzg/PipeANN-github/experiments/r116_suite_pq16_aris_20260520_072453/raw/calibration/intersect_u75_graph_L40.jsonl,/mnt/bak3/lzg/PipeANN-github/experiments/r116_suite_pq16_aris_20260520_072453/logs/calibration/intersect_u75_graph_L40.json
pipeann.hybrid.search.v1,/mnt/bak3/lzg/PipeANN-github/experiments/r116_suite_pq16_aris_20260520_072453/tmp/direct_1m_pq16,intersect,/mnt/bak3/lzg/PipeANN-github/experiments/r116_suite/labels/query_1000_u75.spmat,1000,1,4,0,graph,graph,50,True,0,1,0,0,1,1,675.490479,1416.223022,1409.0,1501.0,1538.0,1691.0,2950.0,0.0,65.07,750000.0,21.698,0,0,1000,0,10,29648,29648,87.910004,u75,0.75,75.0,50,87.910004,1.4162230219999998,1.5162270069122314,failed_recall,/mnt/bak3/lzg/PipeANN-github/experiments/r116_suite_pq16_aris_20260520_072453/raw/calibration/intersect_u75_graph_L50.jsonl,/mnt/bak3/lzg/PipeANN-github/experiments/r116_suite_pq16_aris_20260520_072453/logs/calibration/intersect_u75_graph_L50.json
pipeann.hybrid.search.v1,/mnt/bak3/lzg/PipeANN-github/experiments/r116_suite_pq16_aris_20260520_072453/tmp/direct_1m_pq16,intersect,/mnt/bak3/lzg/PipeANN-github/experiments/r116_suite/labels/query_1000_u75.spmat,1000,1,4,0,graph,graph,75,True,0,1,0,0,1,1,541.287415,1790.291992,1787.0,1875.0,1907.0,1981.0,2625.0,0.0,88.956001,750000.0,16.02,0,0,1000,0,10,29748,29748,92.68,u75,0.75,75.0,75,92.68,1.790291992,1.8823482990264893,failed_recall,/mnt/bak3/lzg/PipeANN-github/experiments/r116_suite_pq16_aris_20260520_072453/raw/calibration/intersect_u75_graph_L75.jsonl,/mnt/bak3/lzg/PipeANN-github/experiments/r116_suite_pq16_aris_20260520_072453/logs/calibration/intersect_u75_graph_L75.json
pipeann.hybrid.search.v1,/mnt/bak3/lzg/PipeANN-github/experiments/r116_suite_pq16_aris_20260520_072453/tmp/direct_1m_pq16,intersect,/mnt/bak3/lzg/PipeANN-github/experiments/r116_suite/labels/query_1000_u75.spmat,1000,1,4,0,graph,graph,100,True,167093,1,167093,167093,1,1,429.136871,2250.548096,2245.0,2332.0,2365.0,2421.0,3329.0,0.0,113.258003,750000.0,17.114,0,0,1000,0,10,30188,30188,95.199997,u75,0.75,75.0,100,95.199997,2.250548096,2.3461828231811523,failed_recall,/mnt/bak3/lzg/PipeANN-github/experiments/r116_suite_pq16_aris_20260520_072453/raw/calibration/intersect_u75_graph_L100.jsonl,/mnt/bak3/lzg/PipeANN-github/experiments/r116_suite_pq16_aris_20260520_072453/logs/calibration/intersect_u75_graph_L100.json
pipeann.hybrid.search.v1,/mnt/bak3/lzg/PipeANN-github/experiments/r116_suite_pq16_aris_20260520_072453/tmp/direct_1m_pq16,intersect,/mnt/bak3/lzg/PipeANN-github/experiments/r116_suite/labels/query_1000_u75.spmat,1000,1,4,0,graph,graph,125,True,0,1,0,0,1,1,358.341187,2702.370117,2692.0,2787.0,2815.0,2877.0,3796.0,0.0,137.837997,750000.0,17.018,0,0,1000,0,10,30148,30148,96.760002,u75,0.75,75.0,125,96.760002,2.702370117,2.8252713680267334,failed_recall,/mnt/bak3/lzg/PipeANN-github/experiments/r116_suite_pq16_aris_20260520_072453/raw/calibration/intersect_u75_graph_L125.jsonl,/mnt/bak3/lzg/PipeANN-github/experiments/r116_suite_pq16_aris_20260520_072453/logs/calibration/intersect_u75_graph_L125.json
pipeann.hybrid.search.v1,/mnt/bak3/lzg/PipeANN-github/experiments/r116_suite_pq16_aris_20260520_072453/tmp/direct_1m_pq16,intersect,/mnt/bak3/lzg/PipeANN-github/experiments/r116_suite/labels/query_1000_u75.spmat,1000,1,4,0,graph,graph,150,True,0,1,0,0,1,1,305.103455,3180.426025,3170.0,3267.0,3297.0,3358.0,4439.0,0.0,162.561005,750000.0,17.462,0,0,1000,0,10,30132,30132,97.690002,u75,0.75,75.0,150,97.690002,3.180426025,3.3100552558898926,failed_recall,/mnt/bak3/lzg/PipeANN-github/experiments/r116_suite_pq16_aris_20260520_072453/raw/calibration/intersect_u75_graph_L150.jsonl,/mnt/bak3/lzg/PipeANN-github/experiments/r116_suite_pq16_aris_20260520_072453/logs/calibration/intersect_u75_graph_L150.json
pipeann.hybrid.search.v1,/mnt/bak3/lzg/PipeANN-github/experiments/r116_suite_pq16_aris_20260520_072453/tmp/direct_1m_pq16,intersect,/mnt/bak3/lzg/PipeANN-github/experiments/r116_suite/labels/query_1000_u75.spmat,1000,1,4,0,graph,graph,200,True,0,1,0,0,1,1,237.76474,4096.599121,4085.0,4186.0,4221.0,4311.0,5608.0,0.0,212.110001,750000.0,17.356,0,0,1000,0,10,30092,30092,98.550003,u75,0.75,75.0,200,98.550003,4.096599121000001,4.243492841720581,ok,/mnt/bak3/lzg/PipeANN-github/experiments/r116_suite_pq16_aris_20260520_072453/raw/calibration/intersect_u75_graph_L200.jsonl,/mnt/bak3/lzg/PipeANN-github/experiments/r116_suite_pq16_aris_20260520_072453/logs/calibration/intersect_u75_graph_L200.json
pipeann.hybrid.search.v1,/mnt/bak3/lzg/PipeANN-github/experiments/r116_suite_pq16_aris_20260520_072453/tmp/direct_1m_pq16,intersect,/mnt/bak3/lzg/PipeANN-github/experiments/r116_suite/labels/query_1000_u100.spmat,1000,1,4,0,prefilter,prefilter,10,True,0,1,0,0,1,1,78.604942,11620.955078,11575.0,11797.0,11812.0,11987.0,12755.0,0.0,192.0,1000000.0,20.784,0,1000,0,0,10,37188,37188,98.919998,u100,1.0,100.0,10,98.919998,11.620955078000001,12.738138198852539,ok,/mnt/bak3/lzg/PipeANN-github/experiments/r116_suite_pq16_aris_20260520_072453/raw/calibration/intersect_u100_prefilter_L10.jsonl,/mnt/bak3/lzg/PipeANN-github/experiments/r116_suite_pq16_aris_20260520_072453/logs/calibration/intersect_u100_prefilter_L10.json
pipeann.hybrid.search.v1,/mnt/bak3/lzg/PipeANN-github/experiments/r116_suite_pq16_aris_20260520_072453/tmp/direct_1m_pq16,intersect,/mnt/bak3/lzg/PipeANN-github/experiments/r116_suite/labels/query_1000_u100.spmat,1000,1,4,0,graph,graph,10,True,0,1,0,0,1,1,1332.282837,729.11499,721.0,865.0,913.0,1029.0,1683.0,0.0,32.098,1000000.0,14.023,0,0,1000,0,10,29044,29044,59.740002,u100,1.0,100.0,10,59.740002,0.72911499,0.7852723598480225,failed_recall,/mnt/bak3/lzg/PipeANN-github/experiments/r116_suite_pq16_aris_20260520_072453/raw/calibration/intersect_u100_graph_L10.jsonl,/mnt/bak3/lzg/PipeANN-github/experiments/r116_suite_pq16_aris_20260520_072453/logs/calibration/intersect_u100_graph_L10.json
pipeann.hybrid.search.v1,/mnt/bak3/lzg/PipeANN-github/experiments/r116_suite_pq16_aris_20260520_072453/tmp/direct_1m_pq16,intersect,/mnt/bak3/lzg/PipeANN-github/experiments/r116_suite/labels/query_1000_u100.spmat,1000,1,4,0,graph,graph,20,True,0,1,0,0,1,1,1080.395752,889.297974,882.0,1003.0,1050.0,1153.0,1684.0,0.0,38.570999,1000000.0,18.801,0,0,1000,0,10,28844,28844,76.160004,u100,1.0,100.0,20,76.160004,0.889297974,0.9613997936248779,failed_recall,/mnt/bak3/lzg/PipeANN-github/experiments/r116_suite_pq16_aris_20260520_072453/raw/calibration/intersect_u100_graph_L20.jsonl,/mnt/bak3/lzg/PipeANN-github/experiments/r116_suite_pq16_aris_20260520_072453/logs/calibration/intersect_u100_graph_L20.json
pipeann.hybrid.search.v1,/mnt/bak3/lzg/PipeANN-github/experiments/r116_suite_pq16_aris_20260520_072453/tmp/direct_1m_pq16,intersect,/mnt/bak3/lzg/PipeANN-github/experiments/r116_suite/labels/query_1000_u100.spmat,1000,1,4,0,graph,graph,30,True,0,1,0,0,1,1,937.496521,1016.840027,1007.0,1113.0,1155.0,1279.0,2134.0,0.0,46.880001,1000000.0,19.35,0,0,1000,0,10,29608,29608,83.440002,u100,1.0,100.0,30,83.440002,1.016840027,1.1027541160583496,failed_recall,/mnt/bak3/lzg/PipeANN-github/experiments/r116_suite_pq16_aris_20260520_072453/raw/calibration/intersect_u100_graph_L30.jsonl,/mnt/bak3/lzg/PipeANN-github/experiments/r116_suite_pq16_aris_20260520_072453/logs/calibration/intersect_u100_graph_L30.json
pipeann.hybrid.search.v1,/mnt/bak3/lzg/PipeANN-github/experiments/r116_suite_pq16_aris_20260520_072453/tmp/direct_1m_pq16,intersect,/mnt/bak3/lzg/PipeANN-github/experiments/r116_suite/labels/query_1000_u100.spmat,1000,1,4,0,graph,graph,40,True,0,1,0,0,1,1,817.634644,1173.072021,1168.0,1263.0,1297.0,1365.0,1962.0,0.0,55.866001,1000000.0,16.758,0,0,1000,0,10,29564,29564,88.470001,u100,1.0,100.0,40,88.470001,1.1730720209999999,1.2421512603759766,failed_recall,/mnt/bak3/lzg/PipeANN-github/experiments/r116_suite_pq16_aris_20260520_072453/raw/calibration/intersect_u100_graph_L40.jsonl,/mnt/bak3/lzg/PipeANN-github/experiments/r116_suite_pq16_aris_20260520_072453/logs/calibration/intersect_u100_graph_L40.json
pipeann.hybrid.search.v1,/mnt/bak3/lzg/PipeANN-github/experiments/r116_suite_pq16_aris_20260520_072453/tmp/direct_1m_pq16,intersect,/mnt/bak3/lzg/PipeANN-github/experiments/r116_suite/labels/query_1000_u100.spmat,1000,1,4,0,graph,graph,50,True,0,1,0,0,1,1,715.052307,1349.879028,1348.0,1433.0,1467.0,1534.0,2020.0,0.0,65.059998,1000000.0,14.866,0,0,1000,0,10,29600,29600,91.400002,u100,1.0,100.0,50,91.400002,1.3498790280000001,1.4146263599395752,failed_recall,/mnt/bak3/lzg/PipeANN-github/experiments/r116_suite_pq16_aris_20260520_072453/raw/calibration/intersect_u100_graph_L50.jsonl,/mnt/bak3/lzg/PipeANN-github/experiments/r116_suite_pq16_aris_20260520_072453/logs/calibration/intersect_u100_graph_L50.json
pipeann.hybrid.search.v1,/mnt/bak3/lzg/PipeANN-github/experiments/r116_suite_pq16_aris_20260520_072453/tmp/direct_1m_pq16,intersect,/mnt/bak3/lzg/PipeANN-github/experiments/r116_suite/labels/query_1000_u100.spmat,1000,1,4,0,graph,graph,75,True,0,1,0,0,1,1,541.883728,1787.965942,1786.0,1869.0,1903.0,1972.0,2810.0,0.0,88.959999,1000000.0,15.174,0,0,1000,0,10,29564,29564,94.940002,u100,1.0,100.0,75,94.940002,1.787965942,1.879892349243164,failed_recall,/mnt/bak3/lzg/PipeANN-github/experiments/r116_suite_pq16_aris_20260520_072453/raw/calibration/intersect_u100_graph_L75.jsonl,/mnt/bak3/lzg/PipeANN-github/experiments/r116_suite_pq16_aris_20260520_072453/logs/calibration/intersect_u100_graph_L75.json
pipeann.hybrid.search.v1,/mnt/bak3/lzg/PipeANN-github/experiments/r116_suite_pq16_aris_20260520_072453/tmp/direct_1m_pq16,intersect,/mnt/bak3/lzg/PipeANN-github/experiments/r116_suite/labels/query_1000_u100.spmat,1000,1,4,0,graph,graph,100,True,167093,1,167093,167093,1,1,430.676849,2242.633057,2236.0,2323.0,2350.0,2420.0,3215.0,0.0,113.255997,1000000.0,16.319,0,0,1000,0,10,30204,30204,96.720001,u100,1.0,100.0,100,96.720001,2.242633057,2.337855100631714,failed_recall,/mnt/bak3/lzg/PipeANN-github/experiments/r116_suite_pq16_aris_20260520_072453/raw/calibration/intersect_u100_graph_L100.jsonl,/mnt/bak3/lzg/PipeANN-github/experiments/r116_suite_pq16_aris_20260520_072453/logs/calibration/intersect_u100_graph_L100.json
pipeann.hybrid.search.v1,/mnt/bak3/lzg/PipeANN-github/experiments/r116_suite_pq16_aris_20260520_072453/tmp/direct_1m_pq16,intersect,/mnt/bak3/lzg/PipeANN-github/experiments/r116_suite/labels/query_1000_u100.spmat,1000,1,4,0,graph,graph,125,True,0,1,0,0,1,1,347.535004,2772.423096,2765.0,2887.0,2918.0,2999.0,5441.0,0.0,137.839996,1000000.0,21.867,0,0,1000,0,10,30236,30236,97.769997,u100,1.0,100.0,125,97.769997,2.772423096,2.9113919734954834,failed_recall,/mnt/bak3/lzg/PipeANN-github/experiments/r116_suite_pq16_aris_20260520_072453/raw/calibration/intersect_u100_graph_L125.jsonl,/mnt/bak3/lzg/PipeANN-github/experiments/r116_suite_pq16_aris_20260520_072453/logs/calibration/intersect_u100_graph_L125.json
pipeann.hybrid.search.v1,/mnt/bak3/lzg/PipeANN-github/experiments/r116_suite_pq16_aris_20260520_072453/tmp/direct_1m_pq16,intersect,/mnt/bak3/lzg/PipeANN-github/experiments/r116_suite/labels/query_1000_u100.spmat,1000,1,4,0,graph,graph,150,True,0,1,0,0,1,1,306.539581,3164.986084,3154.0,3255.0,3283.0,3386.0,4303.0,0.0,162.559006,1000000.0,17.019,0,0,1000,0,10,30120,30120,98.449997,u100,1.0,100.0,150,98.449997,3.164986084,3.296309471130371,ok,/mnt/bak3/lzg/PipeANN-github/experiments/r116_suite_pq16_aris_20260520_072453/raw/calibration/intersect_u100_graph_L150.jsonl,/mnt/bak3/lzg/PipeANN-github/experiments/r116_suite_pq16_aris_20260520_072453/logs/calibration/intersect_u100_graph_L150.json
pipeann.hybrid.search.v1,/mnt/bak3/lzg/PipeANN-github/experiments/r116_suite_pq16_aris_20260520_072453/tmp/direct_1m_pq16,range,/mnt/bak3/lzg/PipeANN-github/experiments/r116_suite/labels/query_1000_range_u1e-03.spmat,1000,1,4,0,prefilter,prefilter,10,True,0,1,0,0,1,1,7455.903809,86.264999,86.0,89.0,91.0,92.0,207.0,0.0,96.0,1000.0,7.052,0,1000,0,0,10,28816,28816,100.0,u1e-03,0.001,0.1,10,100.0,0.08626499900000001,0.1495068073272705,ok,/mnt/bak3/lzg/PipeANN-github/experiments/r116_suite_pq16_aris_20260520_072453/raw/calibration/range_u1e-03_prefilter_L10.jsonl,/mnt/bak3/lzg/PipeANN-github/experiments/r116_suite_pq16_aris_20260520_072453/logs/calibration/range_u1e-03_prefilter_L10.json
pipeann.hybrid.search.v1,/mnt/bak3/lzg/PipeANN-github/experiments/r116_suite_pq16_aris_20260520_072453/tmp/direct_1m_pq16,range,/mnt/bak3/lzg/PipeANN-github/experiments/r116_suite/labels/query_1000_range_u3e-03.spmat,1000,1,4,0,prefilter,prefilter,10,True,0,1,0,0,1,1,5248.304688,133.436005,131.0,137.0,157.0,259.0,417.0,0.0,96.0,3000.0,12.424,0,1000,0,0,10,29020,29020,99.949997,u3e-03,0.003,0.3,10,99.949997,0.133436005,0.22420811653137207,ok,/mnt/bak3/lzg/PipeANN-github/experiments/r116_suite_pq16_aris_20260520_072453/raw/calibration/range_u3e-03_prefilter_L10.jsonl,/mnt/bak3/lzg/PipeANN-github/experiments/r116_suite_pq16_aris_20260520_072453/logs/calibration/range_u3e-03_prefilter_L10.json
pipeann.hybrid.search.v1,/mnt/bak3/lzg/PipeANN-github/experiments/r116_suite_pq16_aris_20260520_072453/tmp/direct_1m_pq16,range,/mnt/bak3/lzg/PipeANN-github/experiments/r116_suite/labels/query_1000_range_u1e-02.spmat,1000,1,4,0,prefilter,prefilter,10,True,0,1,0,0,1,1,2777.62085,279.549011,274.0,292.0,305.0,373.0,701.0,0.0,128.0,10000.0,29.892,0,1000,0,0,10,28908,28908,99.949997,u1e-02,0.01,1.0,10,99.949997,0.279549011,0.3948817253112793,ok,/mnt/bak3/lzg/PipeANN-github/experiments/r116_suite_pq16_aris_20260520_072453/raw/calibration/range_u1e-02_prefilter_L10.jsonl,/mnt/bak3/lzg/PipeANN-github/experiments/r116_suite_pq16_aris_20260520_072453/logs/calibration/range_u1e-02_prefilter_L10.json
pipeann.hybrid.search.v1,/mnt/bak3/lzg/PipeANN-github/experiments/r116_suite_pq16_aris_20260520_072453/tmp/direct_1m_pq16,range,/mnt/bak3/lzg/PipeANN-github/experiments/r116_suite/labels/query_1000_range_u5e-02.spmat,1000,1,4,0,prefilter,prefilter,10,True,0,1,0,0,1,1,1013.639099,854.390015,859.0,891.0,902.0,977.0,1805.0,0.0,160.0,50000.0,43.877,0,1000,0,0,10,29616,29616,99.839996,u5e-02,0.05,5.0,10,99.839996,0.854390015,1.020259141921997,ok,/mnt/bak3/lzg/PipeANN-github/experiments/r116_suite_pq16_aris_20260520_072453/raw/calibration/range_u5e-02_prefilter_L10.jsonl,/mnt/bak3/lzg/PipeANN-github/experiments/r116_suite_pq16_aris_20260520_072453/logs/calibration/range_u5e-02_prefilter_L10.json
pipeann.hybrid.search.v1,/mnt/bak3/lzg/PipeANN-github/experiments/r116_suite_pq16_aris_20260520_072453/tmp/direct_1m_pq16,range,/mnt/bak3/lzg/PipeANN-github/experiments/r116_suite/labels/query_1000_range_u1e-01.spmat,1000,1,4,0,prefilter,prefilter,10,True,0,1,0,0,1,1,595.513184,1494.045044,1448.0,1659.0,1667.0,1727.0,3044.0,0.0,160.0,100000.0,50.749,0,1000,0,0,10,30616,30616,99.730003,u1e-01,0.1,10.0,10,99.730003,1.494045044,1.712958812713623,ok,/mnt/bak3/lzg/PipeANN-github/experiments/r116_suite_pq16_aris_20260520_072453/raw/calibration/range_u1e-01_prefilter_L10.jsonl,/mnt/bak3/lzg/PipeANN-github/experiments/r116_suite_pq16_aris_20260520_072453/logs/calibration/range_u1e-01_prefilter_L10.json
pipeann.hybrid.search.v1,/mnt/bak3/lzg/PipeANN-github/experiments/r116_suite_pq16_aris_20260520_072453/tmp/direct_1m_pq16,range,/mnt/bak3/lzg/PipeANN-github/experiments/r116_suite/labels/query_1000_range_u25.spmat,1000,1,4,0,prefilter,prefilter,10,True,0,1,0,0,1,1,278.487671,3231.943115,3189.0,3418.0,3425.0,3457.0,5063.0,0.0,192.0,250000.0,60.824,0,1000,0,0,10,31588,31588,99.730003,u25,0.25,25.0,10,99.730003,3.231943115,3.624197483062744,ok,/mnt/bak3/lzg/PipeANN-github/experiments/r116_suite_pq16_aris_20260520_072453/raw/calibration/range_u25_prefilter_L10.jsonl,/mnt/bak3/lzg/PipeANN-github/experiments/r116_suite_pq16_aris_20260520_072453/logs/calibration/range_u25_prefilter_L10.json
pipeann.hybrid.search.v1,/mnt/bak3/lzg/PipeANN-github/experiments/r116_suite_pq16_aris_20260520_072453/tmp/direct_1m_pq16,range,/mnt/bak3/lzg/PipeANN-github/experiments/r116_suite/labels/query_1000_range_u25.spmat,1000,1,4,0,graph,graph,10,True,0,1,0,0,1,1,1253.775513,775.888977,768.0,913.0,963.0,1078.0,1456.0,0.0,32.113998,250000.0,59.273,0,0,1000,0,10,29664,29664,30.370001,u25,0.25,25.0,10,30.370001,0.7758889769999999,0.8318178653717041,failed_recall,/mnt/bak3/lzg/PipeANN-github/experiments/r116_suite_pq16_aris_20260520_072453/raw/calibration/range_u25_graph_L10.jsonl,/mnt/bak3/lzg/PipeANN-github/experiments/r116_suite_pq16_aris_20260520_072453/logs/calibration/range_u25_graph_L10.json
pipeann.hybrid.search.v1,/mnt/bak3/lzg/PipeANN-github/experiments/r116_suite_pq16_aris_20260520_072453/tmp/direct_1m_pq16,range,/mnt/bak3/lzg/PipeANN-github/experiments/r116_suite/labels/query_1000_range_u25.spmat,1000,1,4,0,graph,graph,20,True,0,1,0,0,1,1,1090.832153,889.10498,883.0,999.0,1040.0,1119.0,1235.0,0.0,38.540001,250000.0,58.464,0,0,1000,0,10,29556,29556,44.23,u25,0.25,25.0,20,44.23,0.8891049799999999,0.9326128959655762,failed_recall,/mnt/bak3/lzg/PipeANN-github/experiments/r116_suite_pq16_aris_20260520_072453/raw/calibration/range_u25_graph_L20.jsonl,/mnt/bak3/lzg/PipeANN-github/experiments/r116_suite_pq16_aris_20260520_072453/logs/calibration/range_u25_graph_L20.json
pipeann.hybrid.search.v1,/mnt/bak3/lzg/PipeANN-github/experiments/r116_suite_pq16_aris_20260520_072453/tmp/direct_1m_pq16,range,/mnt/bak3/lzg/PipeANN-github/experiments/r116_suite/labels/query_1000_range_u25.spmat,1000,1,4,0,graph,graph,30,True,0,1,0,0,1,1,923.334412,1045.269043,1037.0,1139.0,1183.0,1300.0,1680.0,0.0,46.868,250000.0,59.006,0,0,1000,0,10,29948,29948,53.68,u25,0.25,25.0,30,53.68,1.045269043,1.0989439487457275,failed_recall,/mnt/bak3/lzg/PipeANN-github/experiments/r116_suite_pq16_aris_20260520_072453/raw/calibration/range_u25_graph_L30.jsonl,/mnt/bak3/lzg/PipeANN-github/experiments/r116_suite_pq16_aris_20260520_072453/logs/calibration/range_u25_graph_L30.json
pipeann.hybrid.search.v1,/mnt/bak3/lzg/PipeANN-github/experiments/r116_suite_pq16_aris_20260520_072453/tmp/direct_1m_pq16,range,/mnt/bak3/lzg/PipeANN-github/experiments/r116_suite/labels/query_1000_range_u25.spmat,1000,1,4,0,graph,graph,40,True,0,1,0,0,1,1,796.771851,1210.995972,1206.0,1299.0,1337.0,1407.0,1969.0,0.0,55.860001,250000.0,59.935,0,0,1000,0,10,29884,29884,61.34,u25,0.25,25.0,40,61.34,1.2109959719999999,1.2895610332489014,failed_recall,/mnt/bak3/lzg/PipeANN-github/experiments/r116_suite_pq16_aris_20260520_072453/raw/calibration/range_u25_graph_L40.jsonl,/mnt/bak3/lzg/PipeANN-github/experiments/r116_suite_pq16_aris_20260520_072453/logs/calibration/range_u25_graph_L40.json
pipeann.hybrid.search.v1,/mnt/bak3/lzg/PipeANN-github/experiments/r116_suite_pq16_aris_20260520_072453/tmp/direct_1m_pq16,range,/mnt/bak3/lzg/PipeANN-github/experiments/r116_suite/labels/query_1000_range_u25.spmat,1000,1,4,0,graph,graph,50,True,0,1,0,0,1,1,692.905151,1394.421021,1392.0,1479.0,1513.0,1584.0,2279.0,0.0,65.064003,250000.0,59.606,0,0,1000,0,10,29812,29812,67.519997,u25,0.25,25.0,50,67.519997,1.394421021,1.4594039916992188,failed_recall,/mnt/bak3/lzg/PipeANN-github/experiments/r116_suite_pq16_aris_20260520_072453/raw/calibration/range_u25_graph_L50.jsonl,/mnt/bak3/lzg/PipeANN-github/experiments/r116_suite_pq16_aris_20260520_072453/logs/calibration/range_u25_graph_L50.json
pipeann.hybrid.search.v1,/mnt/bak3/lzg/PipeANN-github/experiments/r116_suite_pq16_aris_20260520_072453/tmp/direct_1m_pq16,range,/mnt/bak3/lzg/PipeANN-github/experiments/r116_suite/labels/query_1000_range_u25.spmat,1000,1,4,0,graph,graph,75,True,0,1,0,0,1,1,529.921387,1829.631958,1827.0,1910.0,1944.0,2017.0,2625.0,0.0,88.964996,250000.0,59.891,0,0,1000,0,10,29852,29852,77.239998,u25,0.25,25.0,75,77.239998,1.829631958,1.9193685054779053,failed_recall,/mnt/bak3/lzg/PipeANN-github/experiments/r116_suite_pq16_aris_20260520_072453/raw/calibration/range_u25_graph_L75.jsonl,/mnt/bak3/lzg/PipeANN-github/experiments/r116_suite_pq16_aris_20260520_072453/logs/calibration/range_u25_graph_L75.json
pipeann.hybrid.search.v1,/mnt/bak3/lzg/PipeANN-github/experiments/r116_suite_pq16_aris_20260520_072453/tmp/direct_1m_pq16,range,/mnt/bak3/lzg/PipeANN-github/experiments/r116_suite/labels/query_1000_range_u25.spmat,1000,1,4,0,graph,graph,100,True,0,1,0,0,1,1,423.890656,2279.735107,2274.0,2362.0,2388.0,2460.0,3662.0,0.0,113.262001,250000.0,60.97,0,0,1000,0,10,30388,30388,83.199997,u25,0.25,25.0,100,83.199997,2.279735107,2.375096321105957,failed_recall,/mnt/bak3/lzg/PipeANN-github/experiments/r116_suite_pq16_aris_20260520_072453/raw/calibration/range_u25_graph_L100.jsonl,/mnt/bak3/lzg/PipeANN-github/experiments/r116_suite_pq16_aris_20260520_072453/logs/calibration/range_u25_graph_L100.json
pipeann.hybrid.search.v1,/mnt/bak3/lzg/PipeANN-github/experiments/r116_suite_pq16_aris_20260520_072453/tmp/direct_1m_pq16,range,/mnt/bak3/lzg/PipeANN-github/experiments/r116_suite/labels/query_1000_range_u25.spmat,1000,1,4,0,graph,graph,125,True,0,1,0,0,1,1,351.878815,2753.504883,2745.0,2838.0,2870.0,2935.0,3548.0,0.0,137.837997,250000.0,60.931,0,0,1000,0,10,30392,30392,87.360001,u25,0.25,25.0,125,87.360001,2.753504883,2.8579702377319336,failed_recall,/mnt/bak3/lzg/PipeANN-github/experiments/r116_suite_pq16_aris_20260520_072453/raw/calibration/range_u25_graph_L125.jsonl,/mnt/bak3/lzg/PipeANN-github/experiments/r116_suite_pq16_aris_20260520_072453/logs/calibration/range_u25_graph_L125.json
pipeann.hybrid.search.v1,/mnt/bak3/lzg/PipeANN-github/experiments/r116_suite_pq16_aris_20260520_072453/tmp/direct_1m_pq16,range,/mnt/bak3/lzg/PipeANN-github/experiments/r116_suite/labels/query_1000_range_u25.spmat,1000,1,4,0,graph,graph,150,True,0,1,0,0,1,1,302.496765,3208.896973,3200.0,3298.0,3324.0,3404.0,4496.0,0.0,162.557007,250000.0,61.11,0,0,1000,0,10,30396,30396,90.290001,u25,0.25,25.0,150,90.290001,3.208896973,3.339262008666992,failed_recall,/mnt/bak3/lzg/PipeANN-github/experiments/r116_suite_pq16_aris_20260520_072453/raw/calibration/range_u25_graph_L150.jsonl,/mnt/bak3/lzg/PipeANN-github/experiments/r116_suite_pq16_aris_20260520_072453/logs/calibration/range_u25_graph_L150.json
pipeann.hybrid.search.v1,/mnt/bak3/lzg/PipeANN-github/experiments/r116_suite_pq16_aris_20260520_072453/tmp/direct_1m_pq16,range,/mnt/bak3/lzg/PipeANN-github/experiments/r116_suite/labels/query_1000_range_u25.spmat,1000,1,4,0,graph,graph,200,True,0,1,0,0,1,1,235.068436,4145.312012,4135.0,4239.0,4275.0,4355.0,5645.0,0.0,212.108002,250000.0,61.153,0,0,1000,0,10,30464,30464,93.870003,u25,0.25,25.0,200,93.870003,4.145312012000001,4.286688327789307,failed_recall,/mnt/bak3/lzg/PipeANN-github/experiments/r116_suite_pq16_aris_20260520_072453/raw/calibration/range_u25_graph_L200.jsonl,/mnt/bak3/lzg/PipeANN-github/experiments/r116_suite_pq16_aris_20260520_072453/logs/calibration/range_u25_graph_L200.json
pipeann.hybrid.search.v1,/mnt/bak3/lzg/PipeANN-github/experiments/r116_suite_pq16_aris_20260520_072453/tmp/direct_1m_pq16,range,/mnt/bak3/lzg/PipeANN-github/experiments/r116_suite/labels/query_1000_range_u25.spmat,1000,1,4,0,graph,graph,300,True,0,1,0,0,1,1,161.837616,6019.332031,6001.0,6110.0,6147.0,6268.0,12792.0,0.0,311.520996,250000.0,61.204,0,0,1000,0,10,31512,31512,96.800003,u25,0.25,25.0,300,96.800003,6.019332031,6.211848020553589,failed_recall,/mnt/bak3/lzg/PipeANN-github/experiments/r116_suite_pq16_aris_20260520_072453/raw/calibration/range_u25_graph_L300.jsonl,/mnt/bak3/lzg/PipeANN-github/experiments/r116_suite_pq16_aris_20260520_072453/logs/calibration/range_u25_graph_L300.json
pipeann.hybrid.search.v1,/mnt/bak3/lzg/PipeANN-github/experiments/r116_suite_pq16_aris_20260520_072453/tmp/direct_1m_pq16,range,/mnt/bak3/lzg/PipeANN-github/experiments/r116_suite/labels/query_1000_range_u25.spmat,1000,1,4,0,graph,graph,400,True,0,1,0,0,1,1,123.773155,7896.78418,7888.0,8014.0,8052.0,8181.0,10276.0,0.0,411.114014,250000.0,61.537,0,0,1000,0,10,31448,31448,98.379997,u25,0.25,25.0,400,98.379997,7.89678418,8.113401174545288,ok,/mnt/bak3/lzg/PipeANN-github/experiments/r116_suite_pq16_aris_20260520_072453/raw/calibration/range_u25_graph_L400.jsonl,/mnt/bak3/lzg/PipeANN-github/experiments/r116_suite_pq16_aris_20260520_072453/logs/calibration/range_u25_graph_L400.json
pipeann.hybrid.search.v1,/mnt/bak3/lzg/PipeANN-github/experiments/r116_suite_pq16_aris_20260520_072453/tmp/direct_1m_pq16,range,/mnt/bak3/lzg/PipeANN-github/experiments/r116_suite/labels/query_1000_range_u30.spmat,1000,1,4,0,prefilter,prefilter,10,True,0,1,0,0,1,1,216.329971,4156.986816,3763.0,5304.0,5321.0,5351.0,6110.0,0.0,192.0,300000.0,77.036,0,1000,0,0,10,32056,32056,99.519997,u30,0.3,30.0,10,99.519997,4.156986816,4.655761003494263,ok,/mnt/bak3/lzg/PipeANN-github/experiments/r116_suite_pq16_aris_20260520_072453/raw/calibration/range_u30_prefilter_L10.jsonl,/mnt/bak3/lzg/PipeANN-github/experiments/r116_suite_pq16_aris_20260520_072453/logs/calibration/range_u30_prefilter_L10.json
pipeann.hybrid.search.v1,/mnt/bak3/lzg/PipeANN-github/experiments/r116_suite_pq16_aris_20260520_072453/tmp/direct_1m_pq16,range,/mnt/bak3/lzg/PipeANN-github/experiments/r116_suite/labels/query_1000_range_u30.spmat,1000,1,4,0,graph,graph,10,True,0,1,0,0,1,1,1185.354736,815.463989,807.0,953.0,999.0,1119.0,1964.0,0.0,32.266998,300000.0,91.308,0,0,1000,0,10,29644,29644,33.150002,u30,0.3,30.0,10,33.150002,0.815463989,0.8781888484954834,failed_recall,/mnt/bak3/lzg/PipeANN-github/experiments/r116_suite_pq16_aris_20260520_072453/raw/calibration/range_u30_graph_L10.jsonl,/mnt/bak3/lzg/PipeANN-github/experiments/r116_suite_pq16_aris_20260520_072453/logs/calibration/range_u30_graph_L10.json
pipeann.hybrid.search.v1,/mnt/bak3/lzg/PipeANN-github/experiments/r116_suite_pq16_aris_20260520_072453/tmp/direct_1m_pq16,range,/mnt/bak3/lzg/PipeANN-github/experiments/r116_suite/labels/query_1000_range_u30.spmat,1000,1,4,0,graph,graph,20,True,0,1,0,0,1,1,1072.417358,904.601013,899.0,1014.0,1055.0,1140.0,1428.0,0.0,38.546001,300000.0,69.099,0,0,1000,0,10,29560,29560,47.639999,u30,0.3,30.0,20,47.639999,0.904601013,0.9667928218841553,failed_recall,/mnt/bak3/lzg/PipeANN-github/experiments/r116_suite_pq16_aris_20260520_072453/raw/calibration/range_u30_graph_L20.jsonl,/mnt/bak3/lzg/PipeANN-github/experiments/r116_suite_pq16_aris_20260520_072453/logs/calibration/range_u30_graph_L20.json
pipeann.hybrid.search.v1,/mnt/bak3/lzg/PipeANN-github/experiments/r116_suite_pq16_aris_20260520_072453/tmp/direct_1m_pq16,range,/mnt/bak3/lzg/PipeANN-github/experiments/r116_suite/labels/query_1000_range_u30.spmat,1000,1,4,0,graph,graph,30,True,0,1,0,0,1,1,910.109985,1060.989014,1053.0,1154.0,1198.0,1287.0,2310.0,0.0,46.868999,300000.0,69.335,0,0,1000,0,10,29992,29992,57.09,u30,0.3,30.0,30,57.09,1.060989014,1.1144328117370605,failed_recall,/mnt/bak3/lzg/PipeANN-github/experiments/r116_suite_pq16_aris_20260520_072453/raw/calibration/range_u30_graph_L30.jsonl,/mnt/bak3/lzg/PipeANN-github/experiments/r116_suite_pq16_aris_20260520_072453/logs/calibration/range_u30_graph_L30.json
pipeann.hybrid.search.v1,/mnt/bak3/lzg/PipeANN-github/experiments/r116_suite_pq16_aris_20260520_072453/tmp/direct_1m_pq16,range,/mnt/bak3/lzg/PipeANN-github/experiments/r116_suite/labels/query_1000_range_u30.spmat,1000,1,4,0,graph,graph,40,True,0,1,0,0,1,1,789.586243,1222.498047,1219.0,1312.0,1347.0,1409.0,2176.0,0.0,55.862999,300000.0,69.833,0,0,1000,0,10,29956,29956,64.589996,u30,0.3,30.0,40,64.589996,1.222498047,1.2830595970153809,failed_recall,/mnt/bak3/lzg/PipeANN-github/experiments/r116_suite_pq16_aris_20260520_072453/raw/calibration/range_u30_graph_L40.jsonl,/mnt/bak3/lzg/PipeANN-github/experiments/r116_suite_pq16_aris_20260520_072453/logs/calibration/range_u30_graph_L40.json
pipeann.hybrid.search.v1,/mnt/bak3/lzg/PipeANN-github/experiments/r116_suite_pq16_aris_20260520_072453/tmp/direct_1m_pq16,range,/mnt/bak3/lzg/PipeANN-github/experiments/r116_suite/labels/query_1000_range_u30.spmat,1000,1,4,0,graph,graph,50,True,0,1,0,0,1,1,692.915405,1394.927979,1393.0,1479.0,1511.0,1584.0,2435.0,0.0,65.056,300000.0,69.335,0,0,1000,0,10,29980,29980,70.769997,u30,0.3,30.0,50,70.769997,1.394927979,1.459423542022705,failed_recall,/mnt/bak3/lzg/PipeANN-github/experiments/r116_suite_pq16_aris_20260520_072453/raw/calibration/range_u30_graph_L50.jsonl,/mnt/bak3/lzg/PipeANN-github/experiments/r116_suite_pq16_aris_20260520_072453/logs/calibration/range_u30_graph_L50.json
pipeann.hybrid.search.v1,/mnt/bak3/lzg/PipeANN-github/experiments/r116_suite_pq16_aris_20260520_072453/tmp/direct_1m_pq16,range,/mnt/bak3/lzg/PipeANN-github/experiments/r116_suite/labels/query_1000_range_u30.spmat,1000,1,4,0,graph,graph,75,True,0,1,0,0,1,1,519.837769,1863.727051,1857.0,1956.0,1986.0,2071.0,3169.0,0.0,88.968002,300000.0,73.179,0,0,1000,0,10,30036,30036,79.720001,u30,0.3,30.0,75,79.720001,1.8637270510000001,1.9569833278656006,failed_recall,/mnt/bak3/lzg/PipeANN-github/experiments/r116_suite_pq16_aris_20260520_072453/raw/calibration/range_u30_graph_L75.jsonl,/mnt/bak3/lzg/PipeANN-github/experiments/r116_suite_pq16_aris_20260520_072453/logs/calibration/range_u30_graph_L75.json
pipeann.hybrid.search.v1,/mnt/bak3/lzg/PipeANN-github/experiments/r116_suite_pq16_aris_20260520_072453/tmp/direct_1m_pq16,range,/mnt/bak3/lzg/PipeANN-github/experiments/r116_suite/labels/query_1000_range_u30.spmat,1000,1,4,0,graph,graph,100,True,0,1,0,0,1,1,420.445435,2298.446045,2289.0,2379.0,2413.0,2487.0,3159.0,0.0,113.261002,300000.0,71.189,0,0,1000,0,10,30492,30492,85.25,u30,0.3,30.0,100,85.25,2.298446045,2.412594795227051,failed_recall,/mnt/bak3/lzg/PipeANN-github/experiments/r116_suite_pq16_aris_20260520_072453/raw/calibration/range_u30_graph_L100.jsonl,/mnt/bak3/lzg/PipeANN-github/experiments/r116_suite_pq16_aris_20260520_072453/logs/calibration/range_u30_graph_L100.json
pipeann.hybrid.search.v1,/mnt/bak3/lzg/PipeANN-github/experiments/r116_suite_pq16_aris_20260520_072453/tmp/direct_1m_pq16,range,/mnt/bak3/lzg/PipeANN-github/experiments/r116_suite/labels/query_1000_range_u30.spmat,1000,1,4,0,graph,graph,125,True,0,1,0,0,1,1,351.371765,2757.202881,2747.0,2839.0,2870.0,2949.0,4082.0,0.0,137.839005,300000.0,71.131,0,0,1000,0,10,30444,30444,89.0,u30,0.3,30.0,125,89.0,2.757202881,2.880427360534668,failed_recall,/mnt/bak3/lzg/PipeANN-github/experiments/r116_suite_pq16_aris_20260520_072453/raw/calibration/range_u30_graph_L125.jsonl,/mnt/bak3/lzg/PipeANN-github/experiments/r116_suite_pq16_aris_20260520_072453/logs/calibration/range_u30_graph_L125.json
pipeann.hybrid.search.v1,/mnt/bak3/lzg/PipeANN-github/experiments/r116_suite_pq16_aris_20260520_072453/tmp/direct_1m_pq16,range,/mnt/bak3/lzg/PipeANN-github/experiments/r116_suite/labels/query_1000_range_u30.spmat,1000,1,4,0,graph,graph,150,True,0,1,0,0,1,1,301.867737,3215.3479,3208.0,3304.0,3340.0,3433.0,4610.0,0.0,162.563004,300000.0,71.209,0,0,1000,0,10,30592,30592,91.620003,u30,0.3,30.0,150,91.620003,3.2153479000000003,3.3469293117523193,failed_recall,/mnt/bak3/lzg/PipeANN-github/experiments/r116_suite_pq16_aris_20260520_072453/raw/calibration/range_u30_graph_L150.jsonl,/mnt/bak3/lzg/PipeANN-github/experiments/r116_suite_pq16_aris_20260520_072453/logs/calibration/range_u30_graph_L150.json
pipeann.hybrid.search.v1,/mnt/bak3/lzg/PipeANN-github/experiments/r116_suite_pq16_aris_20260520_072453/tmp/direct_1m_pq16,range,/mnt/bak3/lzg/PipeANN-github/experiments/r116_suite/labels/query_1000_range_u30.spmat,1000,1,4,0,graph,graph,200,True,0,1,0,0,1,1,235.00708,4146.163086,4139.0,4235.0,4267.0,4356.0,4824.0,0.0,212.106995,300000.0,70.961,0,0,1000,0,10,30564,30564,94.650002,u30,0.3,30.0,200,94.650002,4.146163086,4.271207571029663,failed_recall,/mnt/bak3/lzg/PipeANN-github/experiments/r116_suite_pq16_aris_20260520_072453/raw/calibration/range_u30_graph_L200.jsonl,/mnt/bak3/lzg/PipeANN-github/experiments/r116_suite_pq16_aris_20260520_072453/logs/calibration/range_u30_graph_L200.json
pipeann.hybrid.search.v1,/mnt/bak3/lzg/PipeANN-github/experiments/r116_suite_pq16_aris_20260520_072453/tmp/direct_1m_pq16,range,/mnt/bak3/lzg/PipeANN-github/experiments/r116_suite/labels/query_1000_range_u30.spmat,1000,1,4,0,graph,graph,300,True,0,1,0,0,1,1,161.799042,6020.606934,6008.0,6119.0,6147.0,6279.0,7034.0,0.0,311.519989,300000.0,71.292,0,0,1000,0,10,31612,31612,97.110001,u30,0.3,30.0,300,97.110001,6.020606934000001,6.196951389312744,failed_recall,/mnt/bak3/lzg/PipeANN-github/experiments/r116_suite_pq16_aris_20260520_072453/raw/calibration/range_u30_graph_L300.jsonl,/mnt/bak3/lzg/PipeANN-github/experiments/r116_suite_pq16_aris_20260520_072453/logs/calibration/range_u30_graph_L300.json
pipeann.hybrid.search.v1,/mnt/bak3/lzg/PipeANN-github/experiments/r116_suite_pq16_aris_20260520_072453/tmp/direct_1m_pq16,range,/mnt/bak3/lzg/PipeANN-github/experiments/r116_suite/labels/query_1000_range_u30.spmat,1000,1,4,0,graph,graph,400,True,0,1,0,0,1,1,123.246597,7919.015137,7906.0,8030.0,8068.0,8156.0,10674.0,0.0,411.115997,300000.0,75.378,0,0,1000,0,10,31640,31640,98.440002,u30,0.3,30.0,400,98.440002,7.919015137000001,8.150559902191162,ok,/mnt/bak3/lzg/PipeANN-github/experiments/r116_suite_pq16_aris_20260520_072453/raw/calibration/range_u30_graph_L400.jsonl,/mnt/bak3/lzg/PipeANN-github/experiments/r116_suite_pq16_aris_20260520_072453/logs/calibration/range_u30_graph_L400.json
pipeann.hybrid.search.v1,/mnt/bak3/lzg/PipeANN-github/experiments/r116_suite_pq16_aris_20260520_072453/tmp/direct_1m_pq16,range,/mnt/bak3/lzg/PipeANN-github/experiments/r116_suite/labels/query_1000_range_u50.spmat,1000,1,4,0,prefilter,prefilter,10,True,0,1,0,0,1,1,151.601303,5956.376953,5947.0,5975.0,5985.0,6200.0,6723.0,0.0,192.0,500000.0,80.85,0,1000,0,0,10,33860,33860,99.220001,u50,0.5,50.0,10,99.220001,5.956376953,6.612485885620117,ok,/mnt/bak3/lzg/PipeANN-github/experiments/r116_suite_pq16_aris_20260520_072453/raw/calibration/range_u50_prefilter_L10.jsonl,/mnt/bak3/lzg/PipeANN-github/experiments/r116_suite_pq16_aris_20260520_072453/logs/calibration/range_u50_prefilter_L10.json
pipeann.hybrid.search.v1,/mnt/bak3/lzg/PipeANN-github/experiments/r116_suite_pq16_aris_20260520_072453/tmp/direct_1m_pq16,range,/mnt/bak3/lzg/PipeANN-github/experiments/r116_suite/labels/query_1000_range_u50.spmat,1000,1,4,0,graph,graph,10,True,0,1,0,0,1,1,1166.233765,829.258972,821.0,967.0,1014.0,1111.0,1998.0,0.0,32.271999,500000.0,104.452,0,0,1000,0,10,29884,29884,43.630001,u50,0.5,50.0,10,43.630001,0.829258972,0.8927123546600342,failed_recall,/mnt/bak3/lzg/PipeANN-github/experiments/r116_suite_pq16_aris_20260520_072453/raw/calibration/range_u50_graph_L10.jsonl,/mnt/bak3/lzg/PipeANN-github/experiments/r116_suite_pq16_aris_20260520_072453/logs/calibration/range_u50_graph_L10.json
pipeann.hybrid.search.v1,/mnt/bak3/lzg/PipeANN-github/experiments/r116_suite_pq16_aris_20260520_072453/tmp/direct_1m_pq16,range,/mnt/bak3/lzg/PipeANN-github/experiments/r116_suite/labels/query_1000_range_u50.spmat,1000,1,4,0,graph,graph,20,True,0,1,0,0,1,1,1036.681396,931.263,927.0,1046.0,1084.0,1172.0,1772.0,0.0,38.542,500000.0,95.575,0,0,1000,0,10,29804,29804,59.73,u50,0.5,50.0,20,59.73,0.9312630000000001,0.9837689399719238,failed_recall,/mnt/bak3/lzg/PipeANN-github/experiments/r116_suite_pq16_aris_20260520_072453/raw/calibration/range_u50_graph_L20.jsonl,/mnt/bak3/lzg/PipeANN-github/experiments/r116_suite_pq16_aris_20260520_072453/logs/calibration/range_u50_graph_L20.json
pipeann.hybrid.search.v1,/mnt/bak3/lzg/PipeANN-github/experiments/r116_suite_pq16_aris_20260520_072453/tmp/direct_1m_pq16,range,/mnt/bak3/lzg/PipeANN-github/experiments/r116_suite/labels/query_1000_range_u50.spmat,1000,1,4,0,graph,graph,30,True,0,1,0,0,1,1,905.442627,1066.500977,1060.0,1161.0,1204.0,1282.0,1908.0,0.0,46.862999,500000.0,78.945,0,0,1000,0,10,30172,30172,69.139999,u50,0.5,50.0,30,69.139999,1.066500977,1.1203334331512451,failed_recall,/mnt/bak3/lzg/PipeANN-github/experiments/r116_suite_pq16_aris_20260520_072453/raw/calibration/range_u50_graph_L30.jsonl,/mnt/bak3/lzg/PipeANN-github/experiments/r116_suite_pq16_aris_20260520_072453/logs/calibration/range_u50_graph_L30.json
pipeann.hybrid.search.v1,/mnt/bak3/lzg/PipeANN-github/experiments/r116_suite_pq16_aris_20260520_072453/tmp/direct_1m_pq16,range,/mnt/bak3/lzg/PipeANN-github/experiments/r116_suite/labels/query_1000_range_u50.spmat,1000,1,4,0,graph,graph,40,True,0,1,0,0,1,1,728.776978,1313.485962,1306.0,1401.0,1440.0,1550.0,3405.0,0.0,55.875,500000.0,107.474,0,0,1000,0,10,30072,30072,75.739998,u50,0.5,50.0,40,75.739998,1.313485962,1.4086039066314697,failed_recall,/mnt/bak3/lzg/PipeANN-github/experiments/r116_suite_pq16_aris_20260520_072453/raw/calibration/range_u50_graph_L40.jsonl,/mnt/bak3/lzg/PipeANN-github/experiments/r116_suite_pq16_aris_20260520_072453/logs/calibration/range_u50_graph_L40.json
pipeann.hybrid.search.v1,/mnt/bak3/lzg/PipeANN-github/experiments/r116_suite_pq16_aris_20260520_072453/tmp/direct_1m_pq16,range,/mnt/bak3/lzg/PipeANN-github/experiments/r116_suite/labels/query_1000_range_u50.spmat,1000,1,4,0,graph,graph,50,True,0,1,0,0,1,1,682.964417,1415.487061,1411.0,1501.0,1537.0,1606.0,2621.0,0.0,65.058998,500000.0,86.174,0,0,1000,0,10,29996,29996,80.959999,u50,0.5,50.0,50,80.959999,1.415487061,1.5001046657562256,failed_recall,/mnt/bak3/lzg/PipeANN-github/experiments/r116_suite_pq16_aris_20260520_072453/raw/calibration/range_u50_graph_L50.jsonl,/mnt/bak3/lzg/PipeANN-github/experiments/r116_suite_pq16_aris_20260520_072453/logs/calibration/range_u50_graph_L50.json
pipeann.hybrid.search.v1,/mnt/bak3/lzg/PipeANN-github/experiments/r116_suite_pq16_aris_20260520_072453/tmp/direct_1m_pq16,range,/mnt/bak3/lzg/PipeANN-github/experiments/r116_suite/labels/query_1000_range_u50.spmat,1000,1,4,0,graph,graph,75,True,0,1,0,0,1,1,523.46051,1852.917969,1850.0,1934.0,1967.0,2038.0,2446.0,0.0,88.954002,500000.0,79.626,0,0,1000,0,10,30276,30276,87.900002,u50,0.5,50.0,75,87.900002,1.8529179690000002,1.9262404441833496,failed_recall,/mnt/bak3/lzg/PipeANN-github/experiments/r116_suite_pq16_aris_20260520_072453/raw/calibration/range_u50_graph_L75.jsonl,/mnt/bak3/lzg/PipeANN-github/experiments/r116_suite_pq16_aris_20260520_072453/logs/calibration/range_u50_graph_L75.json
pipeann.hybrid.search.v1,/mnt/bak3/lzg/PipeANN-github/experiments/r116_suite_pq16_aris_20260520_072453/tmp/direct_1m_pq16,range,/mnt/bak3/lzg/PipeANN-github/experiments/r116_suite/labels/query_1000_range_u50.spmat,1000,1,4,0,graph,graph,100,True,0,1,0,0,1,1,399.63385,2400.4729,2392.0,2509.0,2532.0,2611.0,4779.0,0.0,113.263,500000.0,104.723,0,0,1000,0,10,30588,30588,91.809998,u50,0.5,50.0,100,91.809998,2.4004729,2.537078380584717,failed_recall,/mnt/bak3/lzg/PipeANN-github/experiments/r116_suite_pq16_aris_20260520_072453/raw/calibration/range_u50_graph_L100.jsonl,/mnt/bak3/lzg/PipeANN-github/experiments/r116_suite_pq16_aris_20260520_072453/logs/calibration/range_u50_graph_L100.json
pipeann.hybrid.search.v1,/mnt/bak3/lzg/PipeANN-github/experiments/r116_suite_pq16_aris_20260520_072453/tmp/direct_1m_pq16,range,/mnt/bak3/lzg/PipeANN-github/experiments/r116_suite/labels/query_1000_range_u50.spmat,1000,1,4,0,graph,graph,125,True,0,1,0,0,1,1,350.114319,2766.860107,2755.0,2849.0,2884.0,2952.0,4120.0,0.0,137.839005,500000.0,81.085,0,0,1000,0,10,30736,30736,94.330002,u50,0.5,50.0,125,94.330002,2.766860107,2.8917219638824463,failed_recall,/mnt/bak3/lzg/PipeANN-github/experiments/r116_suite_pq16_aris_20260520_072453/raw/calibration/range_u50_graph_L125.jsonl,/mnt/bak3/lzg/PipeANN-github/experiments/r116_suite_pq16_aris_20260520_072453/logs/calibration/range_u50_graph_L125.json
pipeann.hybrid.search.v1,/mnt/bak3/lzg/PipeANN-github/experiments/r116_suite_pq16_aris_20260520_072453/tmp/direct_1m_pq16,range,/mnt/bak3/lzg/PipeANN-github/experiments/r116_suite/labels/query_1000_range_u50.spmat,1000,1,4,0,graph,graph,150,True,0,1,0,0,1,1,300.451019,3230.961914,3224.0,3320.0,3350.0,3418.0,4180.0,0.0,162.559998,500000.0,81.145,0,0,1000,0,10,30600,30600,95.800003,u50,0.5,50.0,150,95.800003,3.230961914,3.3445167541503906,failed_recall,/mnt/bak3/lzg/PipeANN-github/experiments/r116_suite_pq16_aris_20260520_072453/raw/calibration/range_u50_graph_L150.jsonl,/mnt/bak3/lzg/PipeANN-github/experiments/r116_suite_pq16_aris_20260520_072453/logs/calibration/range_u50_graph_L150.json
pipeann.hybrid.search.v1,/mnt/bak3/lzg/PipeANN-github/experiments/r116_suite_pq16_aris_20260520_072453/tmp/direct_1m_pq16,range,/mnt/bak3/lzg/PipeANN-github/experiments/r116_suite/labels/query_1000_range_u50.spmat,1000,1,4,0,graph,graph,200,True,0,1,0,0,1,1,232.513397,4176.179199,4165.0,4279.0,4314.0,4422.0,5455.0,0.0,212.110992,500000.0,92.978,0,0,1000,0,10,30608,30608,97.139999,u50,0.5,50.0,200,97.139999,4.176179199,4.336050271987915,failed_recall,/mnt/bak3/lzg/PipeANN-github/experiments/r116_suite_pq16_aris_20260520_072453/raw/calibration/range_u50_graph_L200.jsonl,/mnt/bak3/lzg/PipeANN-github/experiments/r116_suite_pq16_aris_20260520_072453/logs/calibration/range_u50_graph_L200.json
pipeann.hybrid.search.v1,/mnt/bak3/lzg/PipeANN-github/experiments/r116_suite_pq16_aris_20260520_072453/tmp/direct_1m_pq16,range,/mnt/bak3/lzg/PipeANN-github/experiments/r116_suite/labels/query_1000_range_u50.spmat,1000,1,4,0,graph,graph,300,True,0,1,0,0,1,1,161.337555,6037.830078,6029.0,6135.0,6168.0,6310.0,7644.0,0.0,311.518005,500000.0,81.231,0,0,1000,0,10,31648,31648,98.599998,u50,0.5,50.0,300,98.599998,6.037830078,6.231654405593872,ok,/mnt/bak3/lzg/PipeANN-github/experiments/r116_suite_pq16_aris_20260520_072453/raw/calibration/range_u50_graph_L300.jsonl,/mnt/bak3/lzg/PipeANN-github/experiments/r116_suite_pq16_aris_20260520_072453/logs/calibration/range_u50_graph_L300.json
pipeann.hybrid.search.v1,/mnt/bak3/lzg/PipeANN-github/experiments/r116_suite_pq16_aris_20260520_072453/tmp/direct_1m_pq16,range,/mnt/bak3/lzg/PipeANN-github/experiments/r116_suite/labels/query_1000_range_u75.spmat,1000,1,4,0,prefilter,prefilter,10,True,0,1,0,0,1,1,97.974731,9243.052734,8813.0,12393.0,12492.0,12715.0,13149.0,0.0,192.0,750000.0,98.543,0,1000,0,0,10,35780,35780,99.089996,u75,0.75,75.0,10,99.089996,9.243052734,10.241243362426758,ok,/mnt/bak3/lzg/PipeANN-github/experiments/r116_suite_pq16_aris_20260520_072453/raw/calibration/range_u75_prefilter_L10.jsonl,/mnt/bak3/lzg/PipeANN-github/experiments/r116_suite_pq16_aris_20260520_072453/logs/calibration/range_u75_prefilter_L10.json
pipeann.hybrid.search.v1,/mnt/bak3/lzg/PipeANN-github/experiments/r116_suite_pq16_aris_20260520_072453/tmp/direct_1m_pq16,range,/mnt/bak3/lzg/PipeANN-github/experiments/r116_suite/labels/query_1000_range_u75.spmat,1000,1,4,0,graph,graph,10,True,0,1,0,0,1,1,1146.180176,844.18103,836.0,983.0,1029.0,1146.0,2067.0,0.0,32.27,750000.0,117.608,0,0,1000,0,10,29816,29816,53.52,u75,0.75,75.0,10,53.52,0.84418103,0.9073612689971924,failed_recall,/mnt/bak3/lzg/PipeANN-github/experiments/r116_suite_pq16_aris_20260520_072453/raw/calibration/range_u75_graph_L10.jsonl,/mnt/bak3/lzg/PipeANN-github/experiments/r116_suite_pq16_aris_20260520_072453/logs/calibration/range_u75_graph_L10.json
pipeann.hybrid.search.v1,/mnt/bak3/lzg/PipeANN-github/experiments/r116_suite_pq16_aris_20260520_072453/tmp/direct_1m_pq16,range,/mnt/bak3/lzg/PipeANN-github/experiments/r116_suite/labels/query_1000_range_u75.spmat,1000,1,4,0,graph,graph,20,True,0,1,0,0,1,1,1055.02124,919.999023,914.0,1032.0,1069.0,1152.0,1307.0,0.0,38.537998,750000.0,89.204,0,0,1000,0,10,29976,29976,70.419998,u75,0.75,75.0,20,70.419998,0.9199990229999999,0.964043378829956,failed_recall,/mnt/bak3/lzg/PipeANN-github/experiments/r116_suite_pq16_aris_20260520_072453/raw/calibration/range_u75_graph_L20.jsonl,/mnt/bak3/lzg/PipeANN-github/experiments/r116_suite_pq16_aris_20260520_072453/logs/calibration/range_u75_graph_L20.json
pipeann.hybrid.search.v1,/mnt/bak3/lzg/PipeANN-github/experiments/r116_suite_pq16_aris_20260520_072453/tmp/direct_1m_pq16,range,/mnt/bak3/lzg/PipeANN-github/experiments/r116_suite/labels/query_1000_range_u75.spmat,1000,1,4,0,graph,graph,30,True,0,1,0,0,1,1,858.005981,1115.51001,1106.0,1207.0,1250.0,1372.0,2785.0,0.0,46.876999,750000.0,117.98,0,0,1000,0,10,30212,30212,78.529999,u75,0.75,75.0,30,78.529999,1.11551001,1.1985795497894287,failed_recall,/mnt/bak3/lzg/PipeANN-github/experiments/r116_suite_pq16_aris_20260520_072453/raw/calibration/range_u75_graph_L30.jsonl,/mnt/bak3/lzg/PipeANN-github/experiments/r116_suite_pq16_aris_20260520_072453/logs/calibration/range_u75_graph_L30.json
pipeann.hybrid.search.v1,/mnt/bak3/lzg/PipeANN-github/experiments/r116_suite_pq16_aris_20260520_072453/tmp/direct_1m_pq16,range,/mnt/bak3/lzg/PipeANN-github/experiments/r116_suite/labels/query_1000_range_u75.spmat,1000,1,4,0,graph,graph,40,True,0,1,0,0,1,1,775.19165,1245.925049,1241.0,1332.0,1370.0,1450.0,1995.0,0.0,55.862,750000.0,89.576,0,0,1000,0,10,30228,30228,84.059998,u75,0.75,75.0,40,84.059998,1.245925049,1.3062622547149658,failed_recall,/mnt/bak3/lzg/PipeANN-github/experiments/r116_suite_pq16_aris_20260520_072453/raw/calibration/range_u75_graph_L40.jsonl,/mnt/bak3/lzg/PipeANN-github/experiments/r116_suite_pq16_aris_20260520_072453/logs/calibration/range_u75_graph_L40.json
pipeann.hybrid.search.v1,/mnt/bak3/lzg/PipeANN-github/experiments/r116_suite_pq16_aris_20260520_072453/tmp/direct_1m_pq16,range,/mnt/bak3/lzg/PipeANN-github/experiments/r116_suite/labels/query_1000_range_u75.spmat,1000,1,4,0,graph,graph,50,True,0,1,0,0,1,1,655.050293,1462.43103,1453.0,1538.0,1576.0,1734.0,7072.0,0.0,65.064003,750000.0,118.483,0,0,1000,0,10,30432,30432,87.910004,u75,0.75,75.0,50,87.910004,1.4624310299999999,1.5605745315551758,failed_recall,/mnt/bak3/lzg/PipeANN-github/experiments/r116_suite_pq16_aris_20260520_072453/raw/calibration/range_u75_graph_L50.jsonl,/mnt/bak3/lzg/PipeANN-github/experiments/r116_suite_pq16_aris_20260520_072453/logs/calibration/range_u75_graph_L50.json
pipeann.hybrid.search.v1,/mnt/bak3/lzg/PipeANN-github/experiments/r116_suite_pq16_aris_20260520_072453/tmp/direct_1m_pq16,range,/mnt/bak3/lzg/PipeANN-github/experiments/r116_suite/labels/query_1000_range_u75.spmat,1000,1,4,0,graph,graph,75,True,0,1,0,0,1,1,517.166382,1875.176025,1871.0,1960.0,1994.0,2070.0,2767.0,0.0,88.959999,750000.0,91.149,0,0,1000,0,10,30328,30328,92.669998,u75,0.75,75.0,75,92.669998,1.875176025,1.9669904708862305,failed_recall,/mnt/bak3/lzg/PipeANN-github/experiments/r116_suite_pq16_aris_20260520_072453/raw/calibration/range_u75_graph_L75.jsonl,/mnt/bak3/lzg/PipeANN-github/experiments/r116_suite_pq16_aris_20260520_072453/logs/calibration/range_u75_graph_L75.json
pipeann.hybrid.search.v1,/mnt/bak3/lzg/PipeANN-github/experiments/r116_suite_pq16_aris_20260520_072453/tmp/direct_1m_pq16,range,/mnt/bak3/lzg/PipeANN-github/experiments/r116_suite/labels/query_1000_range_u75.spmat,1000,1,4,0,graph,graph,100,True,0,1,0,0,1,1,408.902466,2348.675049,2338.0,2434.0,2465.0,2541.0,3525.0,0.0,113.261002,750000.0,110.468,0,0,1000,0,10,30656,30656,95.199997,u75,0.75,75.0,100,95.199997,2.348675049,2.4804468154907227,failed_recall,/mnt/bak3/lzg/PipeANN-github/experiments/r116_suite_pq16_aris_20260520_072453/raw/calibration/range_u75_graph_L100.jsonl,/mnt/bak3/lzg/PipeANN-github/experiments/r116_suite_pq16_aris_20260520_072453/logs/calibration/range_u75_graph_L100.json
pipeann.hybrid.search.v1,/mnt/bak3/lzg/PipeANN-github/experiments/r116_suite_pq16_aris_20260520_072453/tmp/direct_1m_pq16,range,/mnt/bak3/lzg/PipeANN-github/experiments/r116_suite/labels/query_1000_range_u75.spmat,1000,1,4,0,graph,graph,125,True,0,1,0,0,1,1,348.80899,2777.227051,2767.0,2861.0,2890.0,2944.0,3717.0,0.0,137.837997,750000.0,91.144,0,0,1000,0,10,30648,30648,96.760002,u75,0.75,75.0,125,96.760002,2.7772270509999997,2.882936954498291,failed_recall,/mnt/bak3/lzg/PipeANN-github/experiments/r116_suite_pq16_aris_20260520_072453/raw/calibration/range_u75_graph_L125.jsonl,/mnt/bak3/lzg/PipeANN-github/experiments/r116_suite_pq16_aris_20260520_072453/logs/calibration/range_u75_graph_L125.json
pipeann.hybrid.search.v1,/mnt/bak3/lzg/PipeANN-github/experiments/r116_suite_pq16_aris_20260520_072453/tmp/direct_1m_pq16,range,/mnt/bak3/lzg/PipeANN-github/experiments/r116_suite/labels/query_1000_range_u75.spmat,1000,1,4,0,graph,graph,150,True,0,1,0,0,1,1,299.888794,3237.760986,3229.0,3322.0,3354.0,3424.0,3898.0,0.0,162.556,750000.0,90.327,0,0,1000,0,10,30712,30712,97.690002,u75,0.75,75.0,150,97.690002,3.2377609859999996,3.3506391048431396,failed_recall,/mnt/bak3/lzg/PipeANN-github/experiments/r116_suite_pq16_aris_20260520_072453/raw/calibration/range_u75_graph_L150.jsonl,/mnt/bak3/lzg/PipeANN-github/experiments/r116_suite_pq16_aris_20260520_072453/logs/calibration/range_u75_graph_L150.json
pipeann.hybrid.search.v1,/mnt/bak3/lzg/PipeANN-github/experiments/r116_suite_pq16_aris_20260520_072453/tmp/direct_1m_pq16,range,/mnt/bak3/lzg/PipeANN-github/experiments/r116_suite/labels/query_1000_range_u75.spmat,1000,1,4,0,graph,graph,200,True,0,1,0,0,1,1,232.145874,4186.459961,4179.0,4282.0,4325.0,4425.0,5718.0,0.0,212.104996,750000.0,100.909,0,0,1000,0,10,30864,30864,98.550003,u75,0.75,75.0,200,98.550003,4.186459961,4.34232234954834,ok,/mnt/bak3/lzg/PipeANN-github/experiments/r116_suite_pq16_aris_20260520_072453/raw/calibration/range_u75_graph_L200.jsonl,/mnt/bak3/lzg/PipeANN-github/experiments/r116_suite_pq16_aris_20260520_072453/logs/calibration/range_u75_graph_L200.json
pipeann.hybrid.search.v1,/mnt/bak3/lzg/PipeANN-github/experiments/r116_suite_pq16_aris_20260520_072453/tmp/direct_1m_pq16,range,/mnt/bak3/lzg/PipeANN-github/experiments/r116_suite/labels/query_1000_range_u100.spmat,1000,1,4,0,prefilter,prefilter,10,True,0,1,0,0,1,1,77.633957,11710.52832,11654.0,11855.0,11875.0,12385.0,20329.0,0.0,192.0,1000000.0,107.824,0,1000,0,0,10,37820,37820,98.919998,u100,1.0,100.0,10,98.919998,11.71052832,12.914587020874023,ok,/mnt/bak3/lzg/PipeANN-github/experiments/r116_suite_pq16_aris_20260520_072453/raw/calibration/range_u100_prefilter_L10.jsonl,/mnt/bak3/lzg/PipeANN-github/experiments/r116_suite_pq16_aris_20260520_072453/logs/calibration/range_u100_prefilter_L10.json
pipeann.hybrid.search.v1,/mnt/bak3/lzg/PipeANN-github/experiments/r116_suite_pq16_aris_20260520_072453/tmp/direct_1m_pq16,range,/mnt/bak3/lzg/PipeANN-github/experiments/r116_suite/labels/query_1000_range_u100.spmat,1000,1,4,0,graph,graph,10,True,0,1,0,0,1,1,1083.54248,893.853027,885.0,1034.0,1088.0,1177.0,1985.0,0.0,32.298,1000000.0,133.77,0,0,1000,0,10,29976,29976,59.799999,u100,1.0,100.0,10,59.799999,0.893853027,0.9591991901397705,failed_recall,/mnt/bak3/lzg/PipeANN-github/experiments/r116_suite_pq16_aris_20260520_072453/raw/calibration/range_u100_graph_L10.jsonl,/mnt/bak3/lzg/PipeANN-github/experiments/r116_suite_pq16_aris_20260520_072453/logs/calibration/range_u100_graph_L10.json
pipeann.hybrid.search.v1,/mnt/bak3/lzg/PipeANN-github/experiments/r116_suite_pq16_aris_20260520_072453/tmp/direct_1m_pq16,range,/mnt/bak3/lzg/PipeANN-github/experiments/r116_suite/labels/query_1000_range_u100.spmat,1000,1,4,0,graph,graph,20,True,0,1,0,0,1,1,1033.496582,939.504028,933.0,1050.0,1097.0,1175.0,1839.0,0.0,38.556,1000000.0,99.662,0,0,1000,0,10,30084,30084,76.18,u100,1.0,100.0,20,76.18,0.939504028,1.0094666481018066,failed_recall,/mnt/bak3/lzg/PipeANN-github/experiments/r116_suite_pq16_aris_20260520_072453/raw/calibration/range_u100_graph_L20.jsonl,/mnt/bak3/lzg/PipeANN-github/experiments/r116_suite_pq16_aris_20260520_072453/logs/calibration/range_u100_graph_L20.json
pipeann.hybrid.search.v1,/mnt/bak3/lzg/PipeANN-github/experiments/r116_suite_pq16_aris_20260520_072453/tmp/direct_1m_pq16,range,/mnt/bak3/lzg/PipeANN-github/experiments/r116_suite/labels/query_1000_range_u100.spmat,1000,1,4,0,graph,graph,30,True,0,1,0,0,1,1,881.916321,1094.852051,1088.0,1188.0,1232.0,1323.0,2038.0,0.0,46.862999,1000000.0,101.31,0,0,1000,0,10,30204,30204,83.440002,u100,1.0,100.0,30,83.440002,1.0948520510000002,1.1499767303466797,failed_recall,/mnt/bak3/lzg/PipeANN-github/experiments/r116_suite_pq16_aris_20260520_072453/raw/calibration/range_u100_graph_L30.jsonl,/mnt/bak3/lzg/PipeANN-github/experiments/r116_suite_pq16_aris_20260520_072453/logs/calibration/range_u100_graph_L30.json
pipeann.hybrid.search.v1,/mnt/bak3/lzg/PipeANN-github/experiments/r116_suite_pq16_aris_20260520_072453/tmp/direct_1m_pq16,range,/mnt/bak3/lzg/PipeANN-github/experiments/r116_suite/labels/query_1000_range_u100.spmat,1000,1,4,0,graph,graph,40,True,0,1,0,0,1,1,709.220642,1350.499023,1341.0,1437.0,1479.0,1570.0,3121.0,0.0,55.875,1000000.0,134.611,0,0,1000,0,10,30348,30348,88.470001,u100,1.0,100.0,40,88.470001,1.350499023,1.4459075927734375,failed_recall,/mnt/bak3/lzg/PipeANN-github/experiments/r116_suite_pq16_aris_20260520_072453/raw/calibration/range_u100_graph_L40.jsonl,/mnt/bak3/lzg/PipeANN-github/experiments/r116_suite_pq16_aris_20260520_072453/logs/calibration/range_u100_graph_L40.json
pipeann.hybrid.search.v1,/mnt/bak3/lzg/PipeANN-github/experiments/r116_suite_pq16_aris_20260520_072453/tmp/direct_1m_pq16,range,/mnt/bak3/lzg/PipeANN-github/experiments/r116_suite/labels/query_1000_range_u100.spmat,1000,1,4,0,graph,graph,50,True,0,1,0,0,1,1,671.874023,1439.329956,1436.0,1523.0,1559.0,1625.0,2651.0,0.0,65.064003,1000000.0,99.498,0,0,1000,0,10,30336,30336,91.400002,u100,1.0,100.0,50,91.400002,1.4393299560000001,1.5254170894622803,failed_recall,/mnt/bak3/lzg/PipeANN-github/experiments/r116_suite_pq16_aris_20260520_072453/raw/calibration/range_u100_graph_L50.jsonl,/mnt/bak3/lzg/PipeANN-github/experiments/r116_suite_pq16_aris_20260520_072453/logs/calibration/range_u100_graph_L50.json
pipeann.hybrid.search.v1,/mnt/bak3/lzg/PipeANN-github/experiments/r116_suite_pq16_aris_20260520_072453/tmp/direct_1m_pq16,range,/mnt/bak3/lzg/PipeANN-github/experiments/r116_suite/labels/query_1000_range_u100.spmat,1000,1,4,0,graph,graph,75,True,0,1,0,0,1,1,516.526917,1877.713013,1875.0,1961.0,1993.0,2068.0,2539.0,0.0,88.966003,1000000.0,100.689,0,0,1000,0,10,30540,30540,94.940002,u100,1.0,100.0,75,94.940002,1.8777130130000002,1.9519720077514648,failed_recall,/mnt/bak3/lzg/PipeANN-github/experiments/r116_suite_pq16_aris_20260520_072453/raw/calibration/range_u100_graph_L75.jsonl,/mnt/bak3/lzg/PipeANN-github/experiments/r116_suite_pq16_aris_20260520_072453/logs/calibration/range_u100_graph_L75.json
pipeann.hybrid.search.v1,/mnt/bak3/lzg/PipeANN-github/experiments/r116_suite_pq16_aris_20260520_072453/tmp/direct_1m_pq16,range,/mnt/bak3/lzg/PipeANN-github/experiments/r116_suite/labels/query_1000_range_u100.spmat,1000,1,4,0,graph,graph,100,True,0,1,0,0,1,1,415.752625,2325.291016,2319.0,2405.0,2435.0,2502.0,3238.0,0.0,113.255997,1000000.0,99.869,0,0,1000,0,10,30908,30908,96.720001,u100,1.0,100.0,100,96.720001,2.325291016,2.421238899230957,failed_recall,/mnt/bak3/lzg/PipeANN-github/experiments/r116_suite_pq16_aris_20260520_072453/raw/calibration/range_u100_graph_L100.jsonl,/mnt/bak3/lzg/PipeANN-github/experiments/r116_suite_pq16_aris_20260520_072453/logs/calibration/range_u100_graph_L100.json
pipeann.hybrid.search.v1,/mnt/bak3/lzg/PipeANN-github/experiments/r116_suite_pq16_aris_20260520_072453/tmp/direct_1m_pq16,range,/mnt/bak3/lzg/PipeANN-github/experiments/r116_suite/labels/query_1000_range_u100.spmat,1000,1,4,0,graph,graph,125,True,0,1,0,0,1,1,346.407867,2796.672119,2787.0,2882.0,2916.0,2993.0,3809.0,0.0,137.843002,1000000.0,101.59,0,0,1000,0,10,30812,30812,97.769997,u100,1.0,100.0,125,97.769997,2.7966721189999997,2.903043746948242,failed_recall,/mnt/bak3/lzg/PipeANN-github/experiments/r116_suite_pq16_aris_20260520_072453/raw/calibration/range_u100_graph_L125.jsonl,/mnt/bak3/lzg/PipeANN-github/experiments/r116_suite_pq16_aris_20260520_072453/logs/calibration/range_u100_graph_L125.json
pipeann.hybrid.search.v1,/mnt/bak3/lzg/PipeANN-github/experiments/r116_suite_pq16_aris_20260520_072453/tmp/direct_1m_pq16,range,/mnt/bak3/lzg/PipeANN-github/experiments/r116_suite/labels/query_1000_range_u100.spmat,1000,1,4,0,graph,graph,150,True,0,1,0,0,1,1,298.55426,3252.326904,3242.0,3341.0,3371.0,3472.0,4492.0,0.0,162.559998,1000000.0,100.707,0,0,1000,0,10,30824,30824,98.449997,u100,1.0,100.0,150,98.449997,3.252326904,3.3830864429473877,ok,/mnt/bak3/lzg/PipeANN-github/experiments/r116_suite_pq16_aris_20260520_072453/raw/calibration/range_u100_graph_L150.jsonl,/mnt/bak3/lzg/PipeANN-github/experiments/r116_suite_pq16_aris_20260520_072453/logs/calibration/range_u100_graph_L150.json
