mode,mode_label,selector_type,bucket,selectivity,selectivity_percent,selected_route,selected_L,threads,beamwidth,K,mem_L,PIPEANN_PQ_MMAP,PIPEANN_PQ_MMAP_DROP_CACHE,query_file,truthset,query_label_file,query_file_size_bytes,gt_file_size_bytes,query_file_size_kb,gt_file_size_kb,measured_peak_rss_kb,adjusted_rss_kb,adjusted_rss_mib,adjustment_formula,label_memory_counted,raw_jsonl_path,log_path,wall_s,recall@10,recall,avg_latency_us,latency_avg_ms,p99_latency_us,latency_p99_ms,qps,actual_route,mean_candidate_count,prefilter_count,graph_count,process_max_rss_kb,program_peak_rss_kb,status
pq_memory,PQ code resident in memory,intersect,u1e-03,0.001,0.1,prefilter,10,1,4,10,0,0,0,/mnt/bak3/lzg/PipeANN-github/experiments/r116_suite/data/sift_query_1000.bin,/mnt/bak3/lzg/PipeANN-github/experiments/r116_suite/exp4_intersect_range_selectivity/truth/gt_1m_intersect_u1e-03.bin,/mnt/bak3/lzg/PipeANN-github/experiments/r116_suite/labels/query_1000_u1e-03.spmat,512008,120008,501,118,29272,28653,27.9814453125,measured_peak_rss_kb - ceil(query_file_bytes/1024) - ceil(gt_file_bytes/1024),True,/mnt/bak3/lzg/PipeANN-github/experiments/r116_suite_pq16_aris_20260520_072453/raw/residency/pq_memory_intersect_u1e-03.jsonl,/mnt/bak3/lzg/PipeANN-github/experiments/r116_suite_pq16_aris_20260520_072453/logs/residency/pq_memory_intersect_u1e-03.json,0.11023449897766113,100.0,100.0,83.279999,0.08327999900000001,109.0,0.109,11282.930664,prefilter,1000.0,1000,0,28860,28860,ok
pq_disk_no_cache,"PQ code on disk, no memory cache",intersect,u1e-03,0.001,0.1,prefilter,10,1,4,10,0,1,1,/mnt/bak3/lzg/PipeANN-github/experiments/r116_suite/data/sift_query_1000.bin,/mnt/bak3/lzg/PipeANN-github/experiments/r116_suite/exp4_intersect_range_selectivity/truth/gt_1m_intersect_u1e-03.bin,/mnt/bak3/lzg/PipeANN-github/experiments/r116_suite/labels/query_1000_u1e-03.spmat,512008,120008,501,118,13772,13153,12.8447265625,measured_peak_rss_kb - ceil(query_file_bytes/1024) - ceil(gt_file_bytes/1024),True,/mnt/bak3/lzg/PipeANN-github/experiments/r116_suite_pq16_aris_20260520_072453/raw/residency/pq_disk_no_cache_intersect_u1e-03.jsonl,/mnt/bak3/lzg/PipeANN-github/experiments/r116_suite_pq16_aris_20260520_072453/logs/residency/pq_disk_no_cache_intersect_u1e-03.json,0.17922210693359375,100.0,100.0,165.576004,0.165576004,174.0,0.174,5849.70166,prefilter,1000.0,1000,0,13456,13456,ok
pq_memory,PQ code resident in memory,intersect,u3e-03,0.003,0.3,prefilter,10,1,4,10,0,0,0,/mnt/bak3/lzg/PipeANN-github/experiments/r116_suite/data/sift_query_1000.bin,/mnt/bak3/lzg/PipeANN-github/experiments/r116_suite/exp4_intersect_range_selectivity/truth/gt_1m_intersect_u3e-03.bin,/mnt/bak3/lzg/PipeANN-github/experiments/r116_suite/labels/query_1000_u3e-03.spmat,512008,120008,501,118,29288,28669,27.9970703125,measured_peak_rss_kb - ceil(query_file_bytes/1024) - ceil(gt_file_bytes/1024),True,/mnt/bak3/lzg/PipeANN-github/experiments/r116_suite_pq16_aris_20260520_072453/raw/residency/pq_memory_intersect_u3e-03.jsonl,/mnt/bak3/lzg/PipeANN-github/experiments/r116_suite_pq16_aris_20260520_072453/logs/residency/pq_memory_intersect_u3e-03.json,0.1475083827972412,99.949997,99.949997,122.274002,0.12227400199999999,135.0,0.135,7653.950195,prefilter,3000.0,1000,0,28772,28772,ok
pq_disk_no_cache,"PQ code on disk, no memory cache",intersect,u3e-03,0.003,0.3,prefilter,10,1,4,10,0,1,1,/mnt/bak3/lzg/PipeANN-github/experiments/r116_suite/data/sift_query_1000.bin,/mnt/bak3/lzg/PipeANN-github/experiments/r116_suite/exp4_intersect_range_selectivity/truth/gt_1m_intersect_u3e-03.bin,/mnt/bak3/lzg/PipeANN-github/experiments/r116_suite/labels/query_1000_u3e-03.spmat,512008,120008,501,118,13660,13041,12.7353515625,measured_peak_rss_kb - ceil(query_file_bytes/1024) - ceil(gt_file_bytes/1024),True,/mnt/bak3/lzg/PipeANN-github/experiments/r116_suite_pq16_aris_20260520_072453/raw/residency/pq_disk_no_cache_intersect_u3e-03.jsonl,/mnt/bak3/lzg/PipeANN-github/experiments/r116_suite_pq16_aris_20260520_072453/logs/residency/pq_disk_no_cache_intersect_u3e-03.json,0.3688483238220215,99.949997,99.949997,351.550995,0.351550995,366.0,0.366,2775.700684,prefilter,3000.0,1000,0,13432,13432,ok
pq_memory,PQ code resident in memory,intersect,u1e-02,0.01,1.0,prefilter,10,1,4,10,0,0,0,/mnt/bak3/lzg/PipeANN-github/experiments/r116_suite/data/sift_query_1000.bin,/mnt/bak3/lzg/PipeANN-github/experiments/r116_suite/exp4_intersect_range_selectivity/truth/gt_1m_intersect_u1e-02.bin,/mnt/bak3/lzg/PipeANN-github/experiments/r116_suite/labels/query_1000_u1e-02.spmat,512008,120008,501,118,29280,28661,27.9892578125,measured_peak_rss_kb - ceil(query_file_bytes/1024) - ceil(gt_file_bytes/1024),True,/mnt/bak3/lzg/PipeANN-github/experiments/r116_suite_pq16_aris_20260520_072453/raw/residency/pq_memory_intersect_u1e-02.jsonl,/mnt/bak3/lzg/PipeANN-github/experiments/r116_suite_pq16_aris_20260520_072453/logs/residency/pq_memory_intersect_u1e-02.json,0.3251361846923828,99.949997,99.949997,267.160004,0.267160004,489.0,0.489,3455.680176,prefilter,10000.0,1000,0,28776,28776,ok
pq_disk_no_cache,"PQ code on disk, no memory cache",intersect,u1e-02,0.01,1.0,prefilter,10,1,4,10,0,1,1,/mnt/bak3/lzg/PipeANN-github/experiments/r116_suite/data/sift_query_1000.bin,/mnt/bak3/lzg/PipeANN-github/experiments/r116_suite/exp4_intersect_range_selectivity/truth/gt_1m_intersect_u1e-02.bin,/mnt/bak3/lzg/PipeANN-github/experiments/r116_suite/labels/query_1000_u1e-02.spmat,512008,120008,501,118,13808,13189,12.8798828125,measured_peak_rss_kb - ceil(query_file_bytes/1024) - ceil(gt_file_bytes/1024),True,/mnt/bak3/lzg/PipeANN-github/experiments/r116_suite_pq16_aris_20260520_072453/raw/residency/pq_disk_no_cache_intersect_u1e-02.jsonl,/mnt/bak3/lzg/PipeANN-github/experiments/r116_suite_pq16_aris_20260520_072453/logs/residency/pq_disk_no_cache_intersect_u1e-02.json,1.5143446922302246,99.949997,99.949997,1464.781006,1.464781006,1806.0,1.806,669.198975,prefilter,10000.0,1000,0,13524,13524,ok
pq_memory,PQ code resident in memory,intersect,u5e-02,0.05,5.0,prefilter,10,1,4,10,0,0,0,/mnt/bak3/lzg/PipeANN-github/experiments/r116_suite/data/sift_query_1000.bin,/mnt/bak3/lzg/PipeANN-github/experiments/r116_suite/exp4_intersect_range_selectivity/truth/gt_1m_intersect_u5e-02.bin,/mnt/bak3/lzg/PipeANN-github/experiments/r116_suite/labels/query_1000_u5e-02.spmat,512008,120008,501,118,29764,29145,28.4619140625,measured_peak_rss_kb - ceil(query_file_bytes/1024) - ceil(gt_file_bytes/1024),True,/mnt/bak3/lzg/PipeANN-github/experiments/r116_suite_pq16_aris_20260520_072453/raw/residency/pq_memory_intersect_u5e-02.jsonl,/mnt/bak3/lzg/PipeANN-github/experiments/r116_suite_pq16_aris_20260520_072453/logs/residency/pq_memory_intersect_u5e-02.json,0.9538562297821045,99.839996,99.839996,812.356018,0.8123560179999999,937.0,0.937,1092.00708,prefilter,50000.0,1000,0,29636,29636,ok
pq_disk_no_cache,"PQ code on disk, no memory cache",intersect,u5e-02,0.05,5.0,prefilter,10,1,4,10,0,1,1,/mnt/bak3/lzg/PipeANN-github/experiments/r116_suite/data/sift_query_1000.bin,/mnt/bak3/lzg/PipeANN-github/experiments/r116_suite/exp4_intersect_range_selectivity/truth/gt_1m_intersect_u5e-02.bin,/mnt/bak3/lzg/PipeANN-github/experiments/r116_suite/labels/query_1000_u5e-02.spmat,512008,120008,501,118,14196,13577,13.2587890625,measured_peak_rss_kb - ceil(query_file_bytes/1024) - ceil(gt_file_bytes/1024),True,/mnt/bak3/lzg/PipeANN-github/experiments/r116_suite_pq16_aris_20260520_072453/raw/residency/pq_disk_no_cache_intersect_u5e-02.jsonl,/mnt/bak3/lzg/PipeANN-github/experiments/r116_suite_pq16_aris_20260520_072453/logs/residency/pq_disk_no_cache_intersect_u5e-02.json,5.281911373138428,99.839996,99.839996,5153.285156,5.153285156,6705.0,6.705,189.997101,prefilter,50000.0,1000,0,14108,14108,ok
pq_memory,PQ code resident in memory,intersect,u1e-01,0.1,10.0,prefilter,10,1,4,10,0,0,0,/mnt/bak3/lzg/PipeANN-github/experiments/r116_suite/data/sift_query_1000.bin,/mnt/bak3/lzg/PipeANN-github/experiments/r116_suite/exp4_intersect_range_selectivity/truth/gt_1m_intersect_u1e-01.bin,/mnt/bak3/lzg/PipeANN-github/experiments/r116_suite/labels/query_1000_u1e-01.spmat,512008,120008,501,118,30592,29973,29.2705078125,measured_peak_rss_kb - ceil(query_file_bytes/1024) - ceil(gt_file_bytes/1024),True,/mnt/bak3/lzg/PipeANN-github/experiments/r116_suite_pq16_aris_20260520_072453/raw/residency/pq_memory_intersect_u1e-01.jsonl,/mnt/bak3/lzg/PipeANN-github/experiments/r116_suite_pq16_aris_20260520_072453/logs/residency/pq_memory_intersect_u1e-01.json,1.6474823951721191,99.730003,99.730003,1461.469971,1.461469971,1691.0,1.691,620.140198,prefilter,100000.0,1000,0,30592,30592,ok
pq_disk_no_cache,"PQ code on disk, no memory cache",intersect,u1e-01,0.1,10.0,prefilter,10,1,4,10,0,1,1,/mnt/bak3/lzg/PipeANN-github/experiments/r116_suite/data/sift_query_1000.bin,/mnt/bak3/lzg/PipeANN-github/experiments/r116_suite/exp4_intersect_range_selectivity/truth/gt_1m_intersect_u1e-01.bin,/mnt/bak3/lzg/PipeANN-github/experiments/r116_suite/labels/query_1000_u1e-01.spmat,512008,120008,501,118,14948,14329,13.9931640625,measured_peak_rss_kb - ceil(query_file_bytes/1024) - ceil(gt_file_bytes/1024),True,/mnt/bak3/lzg/PipeANN-github/experiments/r116_suite_pq16_aris_20260520_072453/raw/residency/pq_disk_no_cache_intersect_u1e-01.jsonl,/mnt/bak3/lzg/PipeANN-github/experiments/r116_suite_pq16_aris_20260520_072453/logs/residency/pq_disk_no_cache_intersect_u1e-01.json,9.311909198760986,99.730003,99.730003,9151.599609,9.151599609000002,9341.0,9.341,107.494087,prefilter,100000.0,1000,0,14840,14840,ok
pq_memory,PQ code resident in memory,intersect,u25,0.25,25.0,prefilter,10,1,4,10,0,0,0,/mnt/bak3/lzg/PipeANN-github/experiments/r116_suite/data/sift_query_1000.bin,/mnt/bak3/lzg/PipeANN-github/experiments/r116_suite/exp4_intersect_range_selectivity/truth/gt_1m_intersect_u25.bin,/mnt/bak3/lzg/PipeANN-github/experiments/r116_suite/labels/query_1000_u25.spmat,512008,120008,501,118,31324,30705,29.9853515625,measured_peak_rss_kb - ceil(query_file_bytes/1024) - ceil(gt_file_bytes/1024),True,/mnt/bak3/lzg/PipeANN-github/experiments/r116_suite_pq16_aris_20260520_072453/raw/residency/pq_memory_intersect_u25.jsonl,/mnt/bak3/lzg/PipeANN-github/experiments/r116_suite_pq16_aris_20260520_072453/logs/residency/pq_memory_intersect_u25.json,3.5846824645996094,99.730003,99.730003,3254.540039,3.254540039,3457.0,3.457,280.422821,prefilter,250000.0,1000,0,31064,31064,ok
pq_disk_no_cache,"PQ code on disk, no memory cache",intersect,u25,0.25,25.0,prefilter,10,1,4,10,0,1,1,/mnt/bak3/lzg/PipeANN-github/experiments/r116_suite/data/sift_query_1000.bin,/mnt/bak3/lzg/PipeANN-github/experiments/r116_suite/exp4_intersect_range_selectivity/truth/gt_1m_intersect_u25.bin,/mnt/bak3/lzg/PipeANN-github/experiments/r116_suite/labels/query_1000_u25.spmat,512008,120008,501,118,15684,15065,14.7119140625,measured_peak_rss_kb - ceil(query_file_bytes/1024) - ceil(gt_file_bytes/1024),True,/mnt/bak3/lzg/PipeANN-github/experiments/r116_suite_pq16_aris_20260520_072453/raw/residency/pq_disk_no_cache_intersect_u25.jsonl,/mnt/bak3/lzg/PipeANN-github/experiments/r116_suite_pq16_aris_20260520_072453/logs/residency/pq_disk_no_cache_intersect_u25.json,25.713425397872925,99.730003,99.730003,25393.90625,25.39390625,25911.0,25.911,38.9039,prefilter,250000.0,1000,0,15684,15684,ok
pq_memory,PQ code resident in memory,intersect,u30,0.3,30.0,prefilter,10,1,4,10,0,0,0,/mnt/bak3/lzg/PipeANN-github/experiments/r116_suite/data/sift_query_1000.bin,/mnt/bak3/lzg/PipeANN-github/experiments/r116_suite/exp4_intersect_range_selectivity/truth/gt_1m_intersect_u30.bin,/mnt/bak3/lzg/PipeANN-github/experiments/r116_suite/labels/query_1000_u30.spmat,512008,120008,501,118,31812,31193,30.4619140625,measured_peak_rss_kb - ceil(query_file_bytes/1024) - ceil(gt_file_bytes/1024),True,/mnt/bak3/lzg/PipeANN-github/experiments/r116_suite_pq16_aris_20260520_072453/raw/residency/pq_memory_intersect_u30.jsonl,/mnt/bak3/lzg/PipeANN-github/experiments/r116_suite_pq16_aris_20260520_072453/logs/residency/pq_memory_intersect_u30.json,4.563882350921631,99.519997,99.519997,4117.361816,4.117361816,5473.0,5.473,220.82959,prefilter,300000.0,1000,0,31492,31492,ok
pq_disk_no_cache,"PQ code on disk, no memory cache",intersect,u30,0.3,30.0,prefilter,10,1,4,10,0,1,1,/mnt/bak3/lzg/PipeANN-github/experiments/r116_suite/data/sift_query_1000.bin,/mnt/bak3/lzg/PipeANN-github/experiments/r116_suite/exp4_intersect_range_selectivity/truth/gt_1m_intersect_u30.bin,/mnt/bak3/lzg/PipeANN-github/experiments/r116_suite/labels/query_1000_u30.spmat,512008,120008,501,118,16128,15509,15.1455078125,measured_peak_rss_kb - ceil(query_file_bytes/1024) - ceil(gt_file_bytes/1024),True,/mnt/bak3/lzg/PipeANN-github/experiments/r116_suite_pq16_aris_20260520_072453/raw/residency/pq_disk_no_cache_intersect_u30.jsonl,/mnt/bak3/lzg/PipeANN-github/experiments/r116_suite_pq16_aris_20260520_072453/logs/residency/pq_disk_no_cache_intersect_u30.json,30.840452194213867,99.519997,99.519997,30452.328125,30.452328125,31074.0,31.074,32.444645,prefilter,300000.0,1000,0,16096,16096,ok
pq_memory,PQ code resident in memory,intersect,u50,0.5,50.0,graph,300,1,4,10,0,0,0,/mnt/bak3/lzg/PipeANN-github/experiments/r116_suite/data/sift_query_1000.bin,/mnt/bak3/lzg/PipeANN-github/experiments/r116_suite/exp4_intersect_range_selectivity/truth/gt_1m_intersect_u50.bin,/mnt/bak3/lzg/PipeANN-github/experiments/r116_suite/labels/query_1000_u50.spmat,512008,120008,501,118,31248,30629,29.9111328125,measured_peak_rss_kb - ceil(query_file_bytes/1024) - ceil(gt_file_bytes/1024),True,/mnt/bak3/lzg/PipeANN-github/experiments/r116_suite_pq16_aris_20260520_072453/raw/residency/pq_memory_intersect_u50.jsonl,/mnt/bak3/lzg/PipeANN-github/experiments/r116_suite_pq16_aris_20260520_072453/logs/residency/pq_memory_intersect_u50.json,6.1588966846466064,98.599998,98.599998,5981.825195,5.981825195000001,6247.0,6.247,162.844742,graph,500000.0,0,1000,31184,31184,ok
pq_disk_no_cache,"PQ code on disk, no memory cache",intersect,u50,0.5,50.0,graph,300,1,4,10,0,1,1,/mnt/bak3/lzg/PipeANN-github/experiments/r116_suite/data/sift_query_1000.bin,/mnt/bak3/lzg/PipeANN-github/experiments/r116_suite/exp4_intersect_range_selectivity/truth/gt_1m_intersect_u50.bin,/mnt/bak3/lzg/PipeANN-github/experiments/r116_suite/labels/query_1000_u50.spmat,512008,120008,501,118,19780,19161,18.7119140625,measured_peak_rss_kb - ceil(query_file_bytes/1024) - ceil(gt_file_bytes/1024),True,/mnt/bak3/lzg/PipeANN-github/experiments/r116_suite_pq16_aris_20260520_072453/raw/residency/pq_disk_no_cache_intersect_u50.jsonl,/mnt/bak3/lzg/PipeANN-github/experiments/r116_suite_pq16_aris_20260520_072453/logs/residency/pq_disk_no_cache_intersect_u50.json,26.962750673294067,98.580002,98.580002,26794.662109,26.794662109,38892.0,38.892,37.101578,graph,500000.0,0,1000,19780,19780,ok
pq_memory,PQ code resident in memory,intersect,u75,0.75,75.0,graph,200,1,4,10,0,0,0,/mnt/bak3/lzg/PipeANN-github/experiments/r116_suite/data/sift_query_1000.bin,/mnt/bak3/lzg/PipeANN-github/experiments/r116_suite/exp4_intersect_range_selectivity/truth/gt_1m_intersect_u75.bin,/mnt/bak3/lzg/PipeANN-github/experiments/r116_suite/labels/query_1000_u75.spmat,512008,120008,501,118,30256,29637,28.9423828125,measured_peak_rss_kb - ceil(query_file_bytes/1024) - ceil(gt_file_bytes/1024),True,/mnt/bak3/lzg/PipeANN-github/experiments/r116_suite_pq16_aris_20260520_072453/raw/residency/pq_memory_intersect_u75.jsonl,/mnt/bak3/lzg/PipeANN-github/experiments/r116_suite_pq16_aris_20260520_072453/logs/residency/pq_memory_intersect_u75.json,4.213905334472656,98.550003,98.550003,4087.522949,4.087522949,4281.0,4.281,238.338837,graph,750000.0,0,1000,30192,30192,ok
pq_disk_no_cache,"PQ code on disk, no memory cache",intersect,u75,0.75,75.0,graph,200,1,4,10,0,1,1,/mnt/bak3/lzg/PipeANN-github/experiments/r116_suite/data/sift_query_1000.bin,/mnt/bak3/lzg/PipeANN-github/experiments/r116_suite/exp4_intersect_range_selectivity/truth/gt_1m_intersect_u75.bin,/mnt/bak3/lzg/PipeANN-github/experiments/r116_suite/labels/query_1000_u75.spmat,512008,120008,501,118,18824,18205,17.7783203125,measured_peak_rss_kb - ceil(query_file_bytes/1024) - ceil(gt_file_bytes/1024),True,/mnt/bak3/lzg/PipeANN-github/experiments/r116_suite_pq16_aris_20260520_072453/raw/residency/pq_disk_no_cache_intersect_u75.jsonl,/mnt/bak3/lzg/PipeANN-github/experiments/r116_suite_pq16_aris_20260520_072453/logs/residency/pq_disk_no_cache_intersect_u75.json,19.980782985687256,98.550003,98.550003,19864.771484,19.864771484000002,28063.0,28.063,50.07114,graph,750000.0,0,1000,18824,18824,ok
pq_memory,PQ code resident in memory,intersect,u100,1.0,100.0,graph,150,1,4,10,0,0,0,/mnt/bak3/lzg/PipeANN-github/experiments/r116_suite/data/sift_query_1000.bin,/mnt/bak3/lzg/PipeANN-github/experiments/r116_suite/exp4_intersect_range_selectivity/truth/gt_1m_intersect_u100.bin,/mnt/bak3/lzg/PipeANN-github/experiments/r116_suite/labels/query_1000_u100.spmat,512008,120008,501,118,30072,29453,28.7626953125,measured_peak_rss_kb - ceil(query_file_bytes/1024) - ceil(gt_file_bytes/1024),True,/mnt/bak3/lzg/PipeANN-github/experiments/r116_suite_pq16_aris_20260520_072453/raw/residency/pq_memory_intersect_u100.jsonl,/mnt/bak3/lzg/PipeANN-github/experiments/r116_suite_pq16_aris_20260520_072453/logs/residency/pq_memory_intersect_u100.json,3.281306743621826,98.449997,98.449997,3167.144043,3.167144043,3348.0,3.348,306.436523,graph,1000000.0,0,1000,30040,30040,ok
pq_disk_no_cache,"PQ code on disk, no memory cache",intersect,u100,1.0,100.0,graph,150,1,4,10,0,1,1,/mnt/bak3/lzg/PipeANN-github/experiments/r116_suite/data/sift_query_1000.bin,/mnt/bak3/lzg/PipeANN-github/experiments/r116_suite/exp4_intersect_range_selectivity/truth/gt_1m_intersect_u100.bin,/mnt/bak3/lzg/PipeANN-github/experiments/r116_suite/labels/query_1000_u100.spmat,512008,120008,501,118,18624,18005,17.5830078125,measured_peak_rss_kb - ceil(query_file_bytes/1024) - ceil(gt_file_bytes/1024),True,/mnt/bak3/lzg/PipeANN-github/experiments/r116_suite_pq16_aris_20260520_072453/raw/residency/pq_disk_no_cache_intersect_u100.jsonl,/mnt/bak3/lzg/PipeANN-github/experiments/r116_suite_pq16_aris_20260520_072453/logs/residency/pq_disk_no_cache_intersect_u100.json,16.233495473861694,98.440002,98.440002,16129.652344,16.129652344,22327.0,22.327,61.63586,graph,1000000.0,0,1000,18624,18624,ok
pq_memory,PQ code resident in memory,range,u1e-03,0.001,0.1,prefilter,10,1,4,10,0,0,0,/mnt/bak3/lzg/PipeANN-github/experiments/r116_suite/data/sift_query_1000.bin,/mnt/bak3/lzg/PipeANN-github/experiments/r116_suite/exp4_intersect_range_selectivity/truth/gt_1m_range_u1e-03.bin,/mnt/bak3/lzg/PipeANN-github/experiments/r116_suite/labels/query_1000_range_u1e-03.spmat,512008,120008,501,118,29380,28761,28.0869140625,measured_peak_rss_kb - ceil(query_file_bytes/1024) - ceil(gt_file_bytes/1024),True,/mnt/bak3/lzg/PipeANN-github/experiments/r116_suite_pq16_aris_20260520_072453/raw/residency/pq_memory_range_u1e-03.jsonl,/mnt/bak3/lzg/PipeANN-github/experiments/r116_suite_pq16_aris_20260520_072453/logs/residency/pq_memory_range_u1e-03.json,0.15161466598510742,100.0,100.0,85.959,0.08595900000000001,93.0,0.093,7480.407715,prefilter,1000.0,1000,0,28916,28916,ok
pq_disk_no_cache,"PQ code on disk, no memory cache",range,u1e-03,0.001,0.1,prefilter,10,1,4,10,0,1,1,/mnt/bak3/lzg/PipeANN-github/experiments/r116_suite/data/sift_query_1000.bin,/mnt/bak3/lzg/PipeANN-github/experiments/r116_suite/exp4_intersect_range_selectivity/truth/gt_1m_range_u1e-03.bin,/mnt/bak3/lzg/PipeANN-github/experiments/r116_suite/labels/query_1000_range_u1e-03.spmat,512008,120008,501,118,13716,13097,12.7900390625,measured_peak_rss_kb - ceil(query_file_bytes/1024) - ceil(gt_file_bytes/1024),True,/mnt/bak3/lzg/PipeANN-github/experiments/r116_suite_pq16_aris_20260520_072453/raw/residency/pq_disk_no_cache_range_u1e-03.jsonl,/mnt/bak3/lzg/PipeANN-github/experiments/r116_suite_pq16_aris_20260520_072453/logs/residency/pq_disk_no_cache_range_u1e-03.json,0.21910715103149414,100.0,100.0,163.274994,0.16327499399999998,171.0,0.171,4740.865234,prefilter,1000.0,1000,0,13476,13476,ok
pq_memory,PQ code resident in memory,range,u3e-03,0.003,0.3,prefilter,10,1,4,10,0,0,0,/mnt/bak3/lzg/PipeANN-github/experiments/r116_suite/data/sift_query_1000.bin,/mnt/bak3/lzg/PipeANN-github/experiments/r116_suite/exp4_intersect_range_selectivity/truth/gt_1m_range_u3e-03.bin,/mnt/bak3/lzg/PipeANN-github/experiments/r116_suite/labels/query_1000_range_u3e-03.spmat,512008,120008,501,118,29532,28913,28.2353515625,measured_peak_rss_kb - ceil(query_file_bytes/1024) - ceil(gt_file_bytes/1024),True,/mnt/bak3/lzg/PipeANN-github/experiments/r116_suite_pq16_aris_20260520_072453/raw/residency/pq_memory_range_u3e-03.jsonl,/mnt/bak3/lzg/PipeANN-github/experiments/r116_suite_pq16_aris_20260520_072453/logs/residency/pq_memory_range_u3e-03.json,0.19898152351379395,99.949997,99.949997,127.322998,0.127322998,141.0,0.141,5501.098633,prefilter,3000.0,1000,0,28804,28804,ok
pq_disk_no_cache,"PQ code on disk, no memory cache",range,u3e-03,0.003,0.3,prefilter,10,1,4,10,0,1,1,/mnt/bak3/lzg/PipeANN-github/experiments/r116_suite/data/sift_query_1000.bin,/mnt/bak3/lzg/PipeANN-github/experiments/r116_suite/exp4_intersect_range_selectivity/truth/gt_1m_range_u3e-03.bin,/mnt/bak3/lzg/PipeANN-github/experiments/r116_suite/labels/query_1000_range_u3e-03.spmat,512008,120008,501,118,13748,13129,12.8212890625,measured_peak_rss_kb - ceil(query_file_bytes/1024) - ceil(gt_file_bytes/1024),True,/mnt/bak3/lzg/PipeANN-github/experiments/r116_suite_pq16_aris_20260520_072453/raw/residency/pq_disk_no_cache_range_u3e-03.jsonl,/mnt/bak3/lzg/PipeANN-github/experiments/r116_suite_pq16_aris_20260520_072453/logs/residency/pq_disk_no_cache_range_u3e-03.json,0.41512060165405273,99.949997,99.949997,352.243011,0.35224301100000005,363.0,0.363,2457.842285,prefilter,3000.0,1000,0,13528,13528,ok
pq_memory,PQ code resident in memory,range,u1e-02,0.01,1.0,prefilter,10,1,4,10,0,0,0,/mnt/bak3/lzg/PipeANN-github/experiments/r116_suite/data/sift_query_1000.bin,/mnt/bak3/lzg/PipeANN-github/experiments/r116_suite/exp4_intersect_range_selectivity/truth/gt_1m_range_u1e-02.bin,/mnt/bak3/lzg/PipeANN-github/experiments/r116_suite/labels/query_1000_range_u1e-02.spmat,512008,120008,501,118,29508,28889,28.2119140625,measured_peak_rss_kb - ceil(query_file_bytes/1024) - ceil(gt_file_bytes/1024),True,/mnt/bak3/lzg/PipeANN-github/experiments/r116_suite_pq16_aris_20260520_072453/raw/residency/pq_memory_range_u1e-02.jsonl,/mnt/bak3/lzg/PipeANN-github/experiments/r116_suite_pq16_aris_20260520_072453/logs/residency/pq_memory_range_u1e-02.json,0.3660008907318115,99.949997,99.949997,270.513,0.270513,297.0,0.297,2869.291748,prefilter,10000.0,1000,0,28796,28796,ok
pq_disk_no_cache,"PQ code on disk, no memory cache",range,u1e-02,0.01,1.0,prefilter,10,1,4,10,0,1,1,/mnt/bak3/lzg/PipeANN-github/experiments/r116_suite/data/sift_query_1000.bin,/mnt/bak3/lzg/PipeANN-github/experiments/r116_suite/exp4_intersect_range_selectivity/truth/gt_1m_range_u1e-02.bin,/mnt/bak3/lzg/PipeANN-github/experiments/r116_suite/labels/query_1000_range_u1e-02.spmat,512008,120008,501,118,13728,13109,12.8017578125,measured_peak_rss_kb - ceil(query_file_bytes/1024) - ceil(gt_file_bytes/1024),True,/mnt/bak3/lzg/PipeANN-github/experiments/r116_suite_pq16_aris_20260520_072453/raw/residency/pq_disk_no_cache_range_u1e-02.jsonl,/mnt/bak3/lzg/PipeANN-github/experiments/r116_suite_pq16_aris_20260520_072453/logs/residency/pq_disk_no_cache_range_u1e-02.json,1.2369968891143799,99.949997,99.949997,1149.432007,1.1494320070000001,1182.0,1.182,814.168701,prefilter,10000.0,1000,0,13540,13540,ok
pq_memory,PQ code resident in memory,range,u5e-02,0.05,5.0,prefilter,10,1,4,10,0,0,0,/mnt/bak3/lzg/PipeANN-github/experiments/r116_suite/data/sift_query_1000.bin,/mnt/bak3/lzg/PipeANN-github/experiments/r116_suite/exp4_intersect_range_selectivity/truth/gt_1m_range_u5e-02.bin,/mnt/bak3/lzg/PipeANN-github/experiments/r116_suite/labels/query_1000_range_u5e-02.spmat,512008,120008,501,118,30012,29393,28.7041015625,measured_peak_rss_kb - ceil(query_file_bytes/1024) - ceil(gt_file_bytes/1024),True,/mnt/bak3/lzg/PipeANN-github/experiments/r116_suite_pq16_aris_20260520_072453/raw/residency/pq_memory_range_u5e-02.jsonl,/mnt/bak3/lzg/PipeANN-github/experiments/r116_suite_pq16_aris_20260520_072453/logs/residency/pq_memory_range_u5e-02.json,1.0234341621398926,99.839996,99.839996,854.442993,0.854442993,1082.0,1.082,1013.708374,prefilter,50000.0,1000,0,29776,29776,ok
pq_disk_no_cache,"PQ code on disk, no memory cache",range,u5e-02,0.05,5.0,prefilter,10,1,4,10,0,1,1,/mnt/bak3/lzg/PipeANN-github/experiments/r116_suite/data/sift_query_1000.bin,/mnt/bak3/lzg/PipeANN-github/experiments/r116_suite/exp4_intersect_range_selectivity/truth/gt_1m_range_u5e-02.bin,/mnt/bak3/lzg/PipeANN-github/experiments/r116_suite/labels/query_1000_range_u5e-02.spmat,512008,120008,501,118,14276,13657,13.3369140625,measured_peak_rss_kb - ceil(query_file_bytes/1024) - ceil(gt_file_bytes/1024),True,/mnt/bak3/lzg/PipeANN-github/experiments/r116_suite_pq16_aris_20260520_072453/raw/residency/pq_disk_no_cache_range_u5e-02.jsonl,/mnt/bak3/lzg/PipeANN-github/experiments/r116_suite_pq16_aris_20260520_072453/logs/residency/pq_disk_no_cache_range_u5e-02.json,4.898982763290405,99.839996,99.839996,4752.783203,4.752783203,4869.0,4.869,204.906097,prefilter,50000.0,1000,0,14216,14216,ok
pq_memory,PQ code resident in memory,range,u1e-01,0.1,10.0,prefilter,10,1,4,10,0,0,0,/mnt/bak3/lzg/PipeANN-github/experiments/r116_suite/data/sift_query_1000.bin,/mnt/bak3/lzg/PipeANN-github/experiments/r116_suite/exp4_intersect_range_selectivity/truth/gt_1m_range_u1e-01.bin,/mnt/bak3/lzg/PipeANN-github/experiments/r116_suite/labels/query_1000_range_u1e-01.spmat,512008,120008,501,118,30544,29925,29.2236328125,measured_peak_rss_kb - ceil(query_file_bytes/1024) - ceil(gt_file_bytes/1024),True,/mnt/bak3/lzg/PipeANN-github/experiments/r116_suite_pq16_aris_20260520_072453/raw/residency/pq_memory_range_u1e-01.jsonl,/mnt/bak3/lzg/PipeANN-github/experiments/r116_suite_pq16_aris_20260520_072453/logs/residency/pq_memory_range_u1e-01.json,1.6815083026885986,99.730003,99.730003,1478.967041,1.4789670410000002,1694.0,1.694,601.198425,prefilter,100000.0,1000,0,30528,30528,ok
pq_disk_no_cache,"PQ code on disk, no memory cache",range,u1e-01,0.1,10.0,prefilter,10,1,4,10,0,1,1,/mnt/bak3/lzg/PipeANN-github/experiments/r116_suite/data/sift_query_1000.bin,/mnt/bak3/lzg/PipeANN-github/experiments/r116_suite/exp4_intersect_range_selectivity/truth/gt_1m_range_u1e-01.bin,/mnt/bak3/lzg/PipeANN-github/experiments/r116_suite/labels/query_1000_range_u1e-01.spmat,512008,120008,501,118,15044,14425,14.0869140625,measured_peak_rss_kb - ceil(query_file_bytes/1024) - ceil(gt_file_bytes/1024),True,/mnt/bak3/lzg/PipeANN-github/experiments/r116_suite_pq16_aris_20260520_072453/raw/residency/pq_disk_no_cache_range_u1e-01.jsonl,/mnt/bak3/lzg/PipeANN-github/experiments/r116_suite_pq16_aris_20260520_072453/logs/residency/pq_disk_no_cache_range_u1e-01.json,9.428952932357788,99.730003,99.730003,9223.801758,9.223801758,9341.0,9.341,106.268944,prefilter,100000.0,1000,0,14972,14972,ok
pq_memory,PQ code resident in memory,range,u25,0.25,25.0,prefilter,10,1,4,10,0,0,0,/mnt/bak3/lzg/PipeANN-github/experiments/r116_suite/data/sift_query_1000.bin,/mnt/bak3/lzg/PipeANN-github/experiments/r116_suite/exp4_intersect_range_selectivity/truth/gt_1m_range_u25.bin,/mnt/bak3/lzg/PipeANN-github/experiments/r116_suite/labels/query_1000_range_u25.spmat,512008,120008,501,118,31508,30889,30.1650390625,measured_peak_rss_kb - ceil(query_file_bytes/1024) - ceil(gt_file_bytes/1024),True,/mnt/bak3/lzg/PipeANN-github/experiments/r116_suite_pq16_aris_20260520_072453/raw/residency/pq_memory_range_u25.jsonl,/mnt/bak3/lzg/PipeANN-github/experiments/r116_suite_pq16_aris_20260520_072453/logs/residency/pq_memory_range_u25.json,3.611955165863037,99.730003,99.730003,3219.181885,3.219181885,3435.0,3.435,279.550537,prefilter,250000.0,1000,0,31508,31508,ok
pq_disk_no_cache,"PQ code on disk, no memory cache",range,u25,0.25,25.0,prefilter,10,1,4,10,0,1,1,/mnt/bak3/lzg/PipeANN-github/experiments/r116_suite/data/sift_query_1000.bin,/mnt/bak3/lzg/PipeANN-github/experiments/r116_suite/exp4_intersect_range_selectivity/truth/gt_1m_range_u25.bin,/mnt/bak3/lzg/PipeANN-github/experiments/r116_suite/labels/query_1000_range_u25.spmat,512008,120008,501,118,16088,15469,15.1064453125,measured_peak_rss_kb - ceil(query_file_bytes/1024) - ceil(gt_file_bytes/1024),True,/mnt/bak3/lzg/PipeANN-github/experiments/r116_suite_pq16_aris_20260520_072453/raw/residency/pq_disk_no_cache_range_u25.jsonl,/mnt/bak3/lzg/PipeANN-github/experiments/r116_suite_pq16_aris_20260520_072453/logs/residency/pq_disk_no_cache_range_u25.json,24.250873804092407,99.730003,99.730003,23884.339844,23.884339844,24111.0,24.111,41.250874,prefilter,250000.0,1000,0,16088,16088,ok
pq_memory,PQ code resident in memory,range,u30,0.3,30.0,prefilter,10,1,4,10,0,0,0,/mnt/bak3/lzg/PipeANN-github/experiments/r116_suite/data/sift_query_1000.bin,/mnt/bak3/lzg/PipeANN-github/experiments/r116_suite/exp4_intersect_range_selectivity/truth/gt_1m_range_u30.bin,/mnt/bak3/lzg/PipeANN-github/experiments/r116_suite/labels/query_1000_range_u30.spmat,512008,120008,501,118,32004,31385,30.6494140625,measured_peak_rss_kb - ceil(query_file_bytes/1024) - ceil(gt_file_bytes/1024),True,/mnt/bak3/lzg/PipeANN-github/experiments/r116_suite_pq16_aris_20260520_072453/raw/residency/pq_memory_range_u30.jsonl,/mnt/bak3/lzg/PipeANN-github/experiments/r116_suite_pq16_aris_20260520_072453/logs/residency/pq_memory_range_u30.json,4.239090919494629,99.519997,99.519997,3798.207031,3.798207031,4033.0,4.033,236.912643,prefilter,300000.0,1000,0,32004,32004,ok
pq_disk_no_cache,"PQ code on disk, no memory cache",range,u30,0.3,30.0,prefilter,10,1,4,10,0,1,1,/mnt/bak3/lzg/PipeANN-github/experiments/r116_suite/data/sift_query_1000.bin,/mnt/bak3/lzg/PipeANN-github/experiments/r116_suite/exp4_intersect_range_selectivity/truth/gt_1m_range_u30.bin,/mnt/bak3/lzg/PipeANN-github/experiments/r116_suite/labels/query_1000_range_u30.spmat,512008,120008,501,118,16424,15805,15.4345703125,measured_peak_rss_kb - ceil(query_file_bytes/1024) - ceil(gt_file_bytes/1024),True,/mnt/bak3/lzg/PipeANN-github/experiments/r116_suite_pq16_aris_20260520_072453/raw/residency/pq_disk_no_cache_range_u30.jsonl,/mnt/bak3/lzg/PipeANN-github/experiments/r116_suite_pq16_aris_20260520_072453/logs/residency/pq_disk_no_cache_range_u30.json,31.21523141860962,99.519997,99.519997,30766.861328,30.766861327999997,43364.0,43.364,32.054729,prefilter,300000.0,1000,0,16424,16424,ok
pq_memory,PQ code resident in memory,range,u50,0.5,50.0,prefilter,10,1,4,10,0,0,0,/mnt/bak3/lzg/PipeANN-github/experiments/r116_suite/data/sift_query_1000.bin,/mnt/bak3/lzg/PipeANN-github/experiments/r116_suite/exp4_intersect_range_selectivity/truth/gt_1m_range_u50.bin,/mnt/bak3/lzg/PipeANN-github/experiments/r116_suite/labels/query_1000_range_u50.spmat,512008,120008,501,118,33808,33189,32.4111328125,measured_peak_rss_kb - ceil(query_file_bytes/1024) - ceil(gt_file_bytes/1024),True,/mnt/bak3/lzg/PipeANN-github/experiments/r116_suite_pq16_aris_20260520_072453/raw/residency/pq_memory_range_u50.jsonl,/mnt/bak3/lzg/PipeANN-github/experiments/r116_suite_pq16_aris_20260520_072453/logs/residency/pq_memory_range_u50.json,7.103790044784546,99.220001,99.220001,6373.081055,6.373081054999999,8713.0,8.713,141.495239,prefilter,500000.0,1000,0,33808,33808,ok
pq_disk_no_cache,"PQ code on disk, no memory cache",range,u50,0.5,50.0,prefilter,10,1,4,10,0,1,1,/mnt/bak3/lzg/PipeANN-github/experiments/r116_suite/data/sift_query_1000.bin,/mnt/bak3/lzg/PipeANN-github/experiments/r116_suite/exp4_intersect_range_selectivity/truth/gt_1m_range_u50.bin,/mnt/bak3/lzg/PipeANN-github/experiments/r116_suite/labels/query_1000_range_u50.spmat,512008,120008,501,118,18180,17561,17.1494140625,measured_peak_rss_kb - ceil(query_file_bytes/1024) - ceil(gt_file_bytes/1024),True,/mnt/bak3/lzg/PipeANN-github/experiments/r116_suite_pq16_aris_20260520_072453/raw/residency/pq_disk_no_cache_range_u50.jsonl,/mnt/bak3/lzg/PipeANN-github/experiments/r116_suite_pq16_aris_20260520_072453/logs/residency/pq_disk_no_cache_range_u50.json,54.204506635665894,99.220001,99.220001,53538.714844,53.538714844000005,75998.0,75.998,18.454813,prefilter,500000.0,1000,0,18180,18180,ok
pq_memory,PQ code resident in memory,range,u75,0.75,75.0,graph,200,1,4,10,0,0,0,/mnt/bak3/lzg/PipeANN-github/experiments/r116_suite/data/sift_query_1000.bin,/mnt/bak3/lzg/PipeANN-github/experiments/r116_suite/exp4_intersect_range_selectivity/truth/gt_1m_range_u75.bin,/mnt/bak3/lzg/PipeANN-github/experiments/r116_suite/labels/query_1000_range_u75.spmat,512008,120008,501,118,30724,30105,29.3994140625,measured_peak_rss_kb - ceil(query_file_bytes/1024) - ceil(gt_file_bytes/1024),True,/mnt/bak3/lzg/PipeANN-github/experiments/r116_suite_pq16_aris_20260520_072453/raw/residency/pq_memory_range_u75.jsonl,/mnt/bak3/lzg/PipeANN-github/experiments/r116_suite_pq16_aris_20260520_072453/logs/residency/pq_memory_range_u75.json,4.39731502532959,98.550003,98.550003,4239.766113,4.239766113,4545.0,4.545,229.291443,graph,750000.0,0,1000,30720,30720,ok
pq_disk_no_cache,"PQ code on disk, no memory cache",range,u75,0.75,75.0,graph,200,1,4,10,0,1,1,/mnt/bak3/lzg/PipeANN-github/experiments/r116_suite/data/sift_query_1000.bin,/mnt/bak3/lzg/PipeANN-github/experiments/r116_suite/exp4_intersect_range_selectivity/truth/gt_1m_range_u75.bin,/mnt/bak3/lzg/PipeANN-github/experiments/r116_suite/labels/query_1000_range_u75.spmat,512008,120008,501,118,19332,18713,18.2744140625,measured_peak_rss_kb - ceil(query_file_bytes/1024) - ceil(gt_file_bytes/1024),True,/mnt/bak3/lzg/PipeANN-github/experiments/r116_suite_pq16_aris_20260520_072453/raw/residency/pq_disk_no_cache_range_u75.jsonl,/mnt/bak3/lzg/PipeANN-github/experiments/r116_suite_pq16_aris_20260520_072453/logs/residency/pq_disk_no_cache_range_u75.json,20.078046321868896,98.550003,98.550003,19961.148438,19.961148438,28164.0,28.164,49.828732,graph,750000.0,0,1000,19332,19332,ok
pq_memory,PQ code resident in memory,range,u100,1.0,100.0,graph,150,1,4,10,0,0,0,/mnt/bak3/lzg/PipeANN-github/experiments/r116_suite/data/sift_query_1000.bin,/mnt/bak3/lzg/PipeANN-github/experiments/r116_suite/exp4_intersect_range_selectivity/truth/gt_1m_range_u100.bin,/mnt/bak3/lzg/PipeANN-github/experiments/r116_suite/labels/query_1000_range_u100.spmat,512008,120008,501,118,30920,30301,29.5908203125,measured_peak_rss_kb - ceil(query_file_bytes/1024) - ceil(gt_file_bytes/1024),True,/mnt/bak3/lzg/PipeANN-github/experiments/r116_suite_pq16_aris_20260520_072453/raw/residency/pq_memory_range_u100.jsonl,/mnt/bak3/lzg/PipeANN-github/experiments/r116_suite_pq16_aris_20260520_072453/logs/residency/pq_memory_range_u100.json,3.3695132732391357,98.449997,98.449997,3253.861084,3.253861084,3434.0,3.434,298.422211,graph,1000000.0,0,1000,30856,30856,ok
pq_disk_no_cache,"PQ code on disk, no memory cache",range,u100,1.0,100.0,graph,150,1,4,10,0,1,1,/mnt/bak3/lzg/PipeANN-github/experiments/r116_suite/data/sift_query_1000.bin,/mnt/bak3/lzg/PipeANN-github/experiments/r116_suite/exp4_intersect_range_selectivity/truth/gt_1m_range_u100.bin,/mnt/bak3/lzg/PipeANN-github/experiments/r116_suite/labels/query_1000_range_u100.spmat,512008,120008,501,118,19384,18765,18.3251953125,measured_peak_rss_kb - ceil(query_file_bytes/1024) - ceil(gt_file_bytes/1024),True,/mnt/bak3/lzg/PipeANN-github/experiments/r116_suite_pq16_aris_20260520_072453/raw/residency/pq_disk_no_cache_range_u100.jsonl,/mnt/bak3/lzg/PipeANN-github/experiments/r116_suite_pq16_aris_20260520_072453/logs/residency/pq_disk_no_cache_range_u100.json,16.482462167739868,98.440002,98.440002,16377.936523,16.377936523,22712.0,22.712,60.704311,graph,1000000.0,0,1000,19384,19384,ok
