bucket,case_id,cycle_idx,matched_reference_L,matched_reference_avg_latency_ms,matched_reference_route,matched_reference_status,matched_reference_target_recall,no_retrain_L,no_retrain_avg_latency_ms,no_retrain_recall,no_retrain_route,no_retrain_variant,reference_L,reference_avg_latency_ms,reference_recall,reference_route,reference_variant,selector_type,v3_L,v3_avg_latency_ms,v3_beamwidth,v3_p95_latency_ms,v3_recall@10,v3_route
u100,cycle01_no_retrain_across_cycles_intersect_u100,1,450,9.57211304,graph,matched,98.56,400,8.467554578,98.41,graph,no_retrain_across_cycles,400,8.264864728000001,98.66,graph,retrain_each_cycle,intersect,400,6.2013441899999995,8,6.118239,98.41,graph
u1e-01,cycle01_no_retrain_across_cycles_intersect_u1e-01,1,150,2.312970441,prefilter,matched,97.93,150,2.312970441,98.23,prefilter,no_retrain_across_cycles,100,2.134243456,98.03,prefilter,retrain_each_cycle,intersect,150,2.2379983539999997,4,2.390779,98.23,prefilter
u1e-02,cycle01_no_retrain_across_cycles_intersect_u1e-02,1,75,0.597109018,prefilter,matched,99.29,75,0.597109018,99.64,prefilter,no_retrain_across_cycles,75,0.38582136300000003,99.39,prefilter,retrain_each_cycle,intersect,75,0.583489705,4,0.647428,99.64,prefilter
u1e-03,cycle01_no_retrain_across_cycles_intersect_u1e-03,1,50,0.20511003500000002,prefilter,matched,99.84,50,0.20511003500000002,99.96,prefilter,no_retrain_across_cycles,50,0.163289588,99.94,prefilter,retrain_each_cycle,intersect,50,0.19951558,4,0.225878,99.96,prefilter
u25,cycle01_no_retrain_across_cycles_intersect_u25,1,450,5.55157973,prefilter,matched,98.78,250,5.4980005940000005,98.65,prefilter,no_retrain_across_cycles,300,4.880693651,98.88,prefilter,retrain_each_cycle,intersect,250,4.231606277,4,4.4256899999999995,98.65,prefilter
u30,cycle01_no_retrain_across_cycles_intersect_u30,1,250,5.878102846,prefilter,matched,98.14,250,5.878102846,98.32,prefilter,no_retrain_across_cycles,250,5.612957681,98.24,prefilter,retrain_each_cycle,intersect,250,4.855495174,4,5.0543130000000005,98.32,prefilter
u3e-03,cycle01_no_retrain_across_cycles_intersect_u3e-03,1,150,0.389271747,prefilter,matched,99.76,75,0.284910921,99.69,prefilter,no_retrain_across_cycles,50,0.206278134,99.86,prefilter,retrain_each_cycle,intersect,75,0.29275776600000003,4,0.328001,99.69,prefilter
u50,cycle01_no_retrain_across_cycles_intersect_u50,1,300,8.303512764999999,prefilter,matched,98.37,300,8.303512764999999,98.48,prefilter,no_retrain_across_cycles,300,7.873715456,98.47,prefilter,retrain_each_cycle,intersect,300,7.545599108,4,7.858547,98.48,prefilter
u5e-02,cycle01_no_retrain_across_cycles_intersect_u5e-02,1,100,1.514759263,prefilter,matched,99.17,100,1.514759263,99.44,prefilter,no_retrain_across_cycles,150,1.150810247,99.27,prefilter,retrain_each_cycle,intersect,100,1.473742503,4,1.556344,99.44,prefilter
u75,cycle01_no_retrain_across_cycles_intersect_u75,1,450,9.377810836,graph,matched,98.06,450,9.377810836,98.34,graph,no_retrain_across_cycles,400,8.050779764,98.16,graph,retrain_each_cycle,intersect,450,6.200422542999999,8,6.527368999999999,98.36,graph
u100,cycle01_no_retrain_across_cycles_range_u100,1,450,9.209604352,graph,matched,98.56,400,8.241494264,98.41,graph,no_retrain_across_cycles,400,8.429368318,98.66,graph,retrain_each_cycle,range,400,5.6522336619999995,8,6.014028000000001,98.41,graph
u1e-01,cycle01_no_retrain_across_cycles_range_u1e-01,1,150,3.222686503,prefilter,matched,97.93,150,3.222686503,98.23,prefilter,no_retrain_across_cycles,75,1.9390202609999998,98.03,prefilter,retrain_each_cycle,range,150,2.22308754,4,2.385315,98.23,prefilter
u1e-02,cycle01_no_retrain_across_cycles_range_u1e-02,1,50,0.674796214,prefilter,matched,99.29,50,0.674796214,99.64,prefilter,no_retrain_across_cycles,100,0.430057345,99.39,prefilter,retrain_each_cycle,range,50,0.604569207,4,0.667159,99.64,prefilter
u1e-03,cycle01_no_retrain_across_cycles_range_u1e-03,1,75,0.240153803,prefilter,matched,99.84,75,0.240153803,99.96,prefilter,no_retrain_across_cycles,50,0.170235483,99.94,prefilter,retrain_each_cycle,range,75,0.20440234799999998,4,0.223077,99.96,prefilter
u25,cycle01_no_retrain_across_cycles_range_u25,1,250,4.701495213,prefilter,matched,98.41000000000001,250,4.701495213,98.65,prefilter,no_retrain_across_cycles,250,4.395299678000001,98.51,prefilter,retrain_each_cycle,range,250,4.40582561,4,4.6904889999999995,98.65,prefilter
u30,cycle01_no_retrain_across_cycles_range_u30,1,300,5.551167093,prefilter,matched,98.14,300,5.551167093,98.9,prefilter,no_retrain_across_cycles,250,5.147884937,98.24,prefilter,retrain_each_cycle,range,300,5.03273494,4,5.3095680000000005,98.9,prefilter
u3e-03,cycle01_no_retrain_across_cycles_range_u3e-03,1,150,0.529608627,prefilter,matched,99.76,100,0.358087135,99.72,prefilter,no_retrain_across_cycles,75,0.222734563,99.86,prefilter,retrain_each_cycle,range,100,0.338900436,4,0.393648,99.72,prefilter
u50,cycle01_no_retrain_across_cycles_range_u50,1,300,8.292436967,prefilter,matched,98.37,300,8.292436967,98.48,prefilter,no_retrain_across_cycles,300,8.452152589999999,98.47,prefilter,retrain_each_cycle,range,300,7.635624308000001,4,7.97224,98.48,prefilter
u5e-02,cycle01_no_retrain_across_cycles_range_u5e-02,1,50,1.777755513,prefilter,matched,99.17,50,1.777755513,99.44,prefilter,no_retrain_across_cycles,75,1.234303392,99.27,prefilter,retrain_each_cycle,range,50,1.509541674,4,1.606162,99.44,prefilter
u75,cycle01_no_retrain_across_cycles_range_u75,1,450,9.244931232999999,graph,matched,98.06,450,9.244931232999999,98.36,graph,no_retrain_across_cycles,400,8.328845285,98.16,graph,retrain_each_cycle,range,450,6.712899124,8,6.690736,98.36,graph
u100,cycle02_no_retrain_across_cycles_intersect_u100,2,400,8.234724449,graph,matched,98.13000000000001,400,8.234724449,98.53,graph,no_retrain_across_cycles,300,6.715022243,98.23,graph,retrain_each_cycle,intersect,400,5.715789605,8,6.096132,98.53,graph
u1e-01,cycle02_no_retrain_across_cycles_intersect_u1e-01,2,50,2.206731937,prefilter,matched,98.24000000000001,50,2.206731937,98.69,prefilter,no_retrain_across_cycles,50,1.880475569,98.34,prefilter,retrain_each_cycle,intersect,50,2.2583766059999997,4,2.3706460000000003,98.69,prefilter
u1e-02,cycle02_no_retrain_across_cycles_intersect_u1e-02,2,50,0.548024529,prefilter,matched,99.45,50,0.548024529,99.53,prefilter,no_retrain_across_cycles,100,0.40715896199999996,99.55,prefilter,retrain_each_cycle,intersect,50,0.5872167960000001,4,0.6428550000000001,99.53,prefilter
u1e-03,cycle02_no_retrain_across_cycles_intersect_u1e-03,2,50,0.197618716,prefilter,matched,99.82000000000001,50,0.197618716,99.97,prefilter,no_retrain_across_cycles,50,0.16641119299999999,99.92,prefilter,retrain_each_cycle,intersect,50,0.20383389,4,0.22583799999999998,99.97,prefilter
u25,cycle02_no_retrain_across_cycles_intersect_u25,2,150,4.411347863,prefilter,matched,97.91000000000001,150,4.411347863,98.26,prefilter,no_retrain_across_cycles,200,4.274431754999999,98.01,prefilter,retrain_each_cycle,intersect,150,4.480409896,4,4.830633,98.26,prefilter
u30,cycle02_no_retrain_across_cycles_intersect_u30,2,250,5.368052034000001,prefilter,matched,98.42,75,5.128264006999999,98.06,prefilter,no_retrain_across_cycles,250,5.11913477,98.52,prefilter,retrain_each_cycle,intersect,75,4.926075857,4,5.186814999999999,98.06,prefilter
u3e-03,cycle02_no_retrain_across_cycles_intersect_u3e-03,2,75,0.28149956600000003,prefilter,matched,99.63000000000001,75,0.28149956600000003,99.68,prefilter,no_retrain_across_cycles,50,0.211060394,99.73,prefilter,retrain_each_cycle,intersect,75,0.29679042600000005,4,0.331823,99.68,prefilter
u50,cycle02_no_retrain_across_cycles_intersect_u50,2,250,8.028008418999999,prefilter,matched,98.05000000000001,250,8.028008418999999,98.3,prefilter,no_retrain_across_cycles,250,7.978573192,98.15,prefilter,retrain_each_cycle,intersect,250,7.600204044,4,7.966953999999999,98.3,prefilter
u5e-02,cycle02_no_retrain_across_cycles_intersect_u5e-02,2,200,1.5525449470000001,prefilter,matched,99.2,50,1.418439981,99.19,prefilter,no_retrain_across_cycles,75,1.14711173,99.3,prefilter,retrain_each_cycle,intersect,50,1.493935219,4,1.572921,99.19,prefilter
u75,cycle02_no_retrain_across_cycles_intersect_u75,2,470,9.624607314999999,graph,matched,98.34,470,9.624607314999999,98.41,graph,no_retrain_across_cycles,400,8.228145836,98.44,graph,retrain_each_cycle,intersect,470,6.608314985,8,6.930452,98.41,graph
u100,cycle02_no_retrain_across_cycles_range_u100,2,400,8.405738198,graph,matched,98.13000000000001,400,8.405738198,98.53,graph,no_retrain_across_cycles,300,6.413701904,98.23,graph,retrain_each_cycle,range,400,5.772830882999999,8,6.174303,98.53,graph
u1e-01,cycle02_no_retrain_across_cycles_range_u1e-01,2,50,2.225260123,prefilter,matched,98.24000000000001,50,2.225260123,98.69,prefilter,no_retrain_across_cycles,75,1.8058593969999999,98.34,prefilter,retrain_each_cycle,range,50,2.2506330670000003,4,2.34589,98.69,prefilter
u1e-02,cycle02_no_retrain_across_cycles_range_u1e-02,2,50,0.561500224,prefilter,matched,99.45,50,0.561500224,99.53,prefilter,no_retrain_across_cycles,75,0.405983862,99.55,prefilter,retrain_each_cycle,range,50,0.5892884629999999,4,0.6377759999999999,99.53,prefilter
u1e-03,cycle02_no_retrain_across_cycles_range_u1e-03,2,75,0.203046691,prefilter,matched,99.82000000000001,75,0.203046691,99.97,prefilter,no_retrain_across_cycles,50,0.163698545,99.92,prefilter,retrain_each_cycle,range,75,0.20393962,4,0.223119,99.97,prefilter
u25,cycle02_no_retrain_across_cycles_range_u25,2,50,4.510329598999999,prefilter,matched,97.91000000000001,50,4.510329598999999,98.26,prefilter,no_retrain_across_cycles,200,4.179420505,98.01,prefilter,retrain_each_cycle,range,50,4.43675663,4,4.6765609999999995,98.26,prefilter
u30,cycle02_no_retrain_across_cycles_range_u30,2,300,5.511847877,prefilter,matched,98.9,150,5.108883196,98.06,prefilter,no_retrain_across_cycles,300,4.920838237,99.0,prefilter,retrain_each_cycle,range,150,5.062125899,4,5.347225000000001,98.06,prefilter
u3e-03,cycle02_no_retrain_across_cycles_range_u3e-03,2,50,0.28654709700000003,prefilter,matched,99.63000000000001,50,0.28654709700000003,99.68,prefilter,no_retrain_across_cycles,50,0.221398401,99.73,prefilter,retrain_each_cycle,range,50,0.303684572,4,0.336719,99.68,prefilter
u50,cycle02_no_retrain_across_cycles_range_u50,2,300,8.049895857000001,prefilter,matched,98.05000000000001,300,8.049895857000001,98.84,prefilter,no_retrain_across_cycles,250,7.780176361,98.15,prefilter,retrain_each_cycle,range,300,7.836951616,4,8.201690000000001,98.84,prefilter
u5e-02,cycle02_no_retrain_across_cycles_range_u5e-02,2,200,1.578045294,prefilter,matched,99.2,75,1.451779488,99.19,prefilter,no_retrain_across_cycles,50,1.15053387,99.3,prefilter,retrain_each_cycle,range,75,1.484186684,4,1.5362850000000001,99.19,prefilter
u75,cycle02_no_retrain_across_cycles_range_u75,2,470,9.713291621,graph,matched,98.33000000000001,450,9.290396203,98.33,graph,no_retrain_across_cycles,400,8.150807556,98.43,graph,retrain_each_cycle,range,450,6.361046069,8,6.698158,98.33,graph
u100,cycle03_no_retrain_across_cycles_intersect_u100,3,450,9.783134561999999,graph,matched,98.07000000000001,450,9.783134561999999,98.24,graph,no_retrain_across_cycles,400,8.445730018,98.17,graph,retrain_each_cycle,intersect,450,6.397360249999999,8,6.798062,98.24,graph
u1e-01,cycle03_no_retrain_across_cycles_intersect_u1e-01,3,150,2.2702871719999997,prefilter,matched,98.56,150,2.2702871719999997,98.65,prefilter,no_retrain_across_cycles,150,1.854833816,98.66,prefilter,retrain_each_cycle,intersect,150,2.221743779,4,2.315895,98.65,prefilter
u1e-02,cycle03_no_retrain_across_cycles_intersect_u1e-02,3,150,0.60641072,prefilter,matched,99.57000000000001,100,0.576761073,99.56,prefilter,no_retrain_across_cycles,100,0.386687644,99.67,prefilter,retrain_each_cycle,intersect,100,0.571806383,4,0.612405,99.56,prefilter
u1e-03,cycle03_no_retrain_across_cycles_intersect_u1e-03,3,50,0.19667116899999998,prefilter,matched,99.80000000000001,50,0.19667116899999998,99.9,prefilter,no_retrain_across_cycles,50,0.15904004,99.9,prefilter,retrain_each_cycle,intersect,50,0.202241826,4,0.221419,99.9,prefilter
u25,cycle03_no_retrain_across_cycles_intersect_u25,3,400,5.218838316,prefilter,matched,98.32000000000001,400,5.218838316,98.61,prefilter,no_retrain_across_cycles,450,5.248454262999999,98.42,prefilter,retrain_each_cycle,intersect,400,4.668140945,4,4.882318000000001,98.61,prefilter
u30,cycle03_no_retrain_across_cycles_intersect_u30,3,450,6.01922444,prefilter,matched,98.54,450,6.01922444,98.92,prefilter,no_retrain_across_cycles,470,6.087199123,98.64,prefilter,retrain_each_cycle,intersect,450,5.567421427,4,5.776553,98.92,prefilter
u3e-03,cycle03_no_retrain_across_cycles_intersect_u3e-03,3,100,0.280445091,prefilter,matched,99.58000000000001,100,0.280445091,99.68,prefilter,no_retrain_across_cycles,75,0.211170479,99.68,prefilter,retrain_each_cycle,intersect,100,0.306339117,4,0.34750200000000003,99.68,prefilter
u50,cycle03_no_retrain_across_cycles_intersect_u50,3,400,8.603759241,prefilter,matched,98.36,400,8.603759241,98.67,prefilter,no_retrain_across_cycles,400,9.463226682,98.46,prefilter,retrain_each_cycle,intersect,400,7.735012007,4,7.962721999999999,98.67,prefilter
u5e-02,cycle03_no_retrain_across_cycles_intersect_u5e-02,3,250,1.678569025,prefilter,matched,99.21000000000001,50,1.4419761960000002,99.1,prefilter,no_retrain_across_cycles,150,1.157744603,99.31,prefilter,retrain_each_cycle,intersect,50,1.451948549,4,1.5414459999999999,99.1,prefilter
u75,cycle03_no_retrain_across_cycles_intersect_u75,3,470,9.938212581,graph,matched,98.01,470,9.938212581,98.01,graph,no_retrain_across_cycles,450,9.555893778,98.11,graph,retrain_each_cycle,intersect,500,7.491502447,8,7.486121,98.21,graph
u100,cycle03_no_retrain_across_cycles_range_u100,3,450,9.351639936,graph,matched,98.07000000000001,450,9.351639936,98.24,graph,no_retrain_across_cycles,400,8.369030439,98.17,graph,retrain_each_cycle,range,450,6.458396178,8,6.858219,98.24,graph
u1e-01,cycle03_no_retrain_across_cycles_range_u1e-01,3,75,2.165865626,prefilter,matched,98.56,75,2.165865626,98.65,prefilter,no_retrain_across_cycles,75,1.845999605,98.66,prefilter,retrain_each_cycle,range,75,2.209481053,4,2.2641430000000002,98.65,prefilter
u1e-02,cycle03_no_retrain_across_cycles_range_u1e-02,3,150,0.7043763780000001,prefilter,matched,99.57000000000001,75,0.651726602,99.56,prefilter,no_retrain_across_cycles,50,0.39278173099999997,99.67,prefilter,retrain_each_cycle,range,75,0.5858334559999999,4,0.640814,99.56,prefilter
u1e-03,cycle03_no_retrain_across_cycles_range_u1e-03,3,75,0.226114012,prefilter,matched,99.80000000000001,75,0.226114012,99.9,prefilter,no_retrain_across_cycles,50,0.165187289,99.9,prefilter,retrain_each_cycle,range,75,0.202918362,4,0.222411,99.9,prefilter
u25,cycle03_no_retrain_across_cycles_range_u25,3,400,5.973982511999999,prefilter,matched,98.09,400,5.973982511999999,98.61,prefilter,no_retrain_across_cycles,400,4.590825884,98.19,prefilter,retrain_each_cycle,range,400,4.797948394,4,5.075495,98.61,prefilter
u30,cycle03_no_retrain_across_cycles_range_u30,3,400,6.6554874449999994,prefilter,matched,98.27000000000001,400,6.6554874449999994,98.69,prefilter,no_retrain_across_cycles,400,5.2812184669999995,98.37,prefilter,retrain_each_cycle,range,400,5.333550099,4,5.495671000000001,98.69,prefilter
u3e-03,cycle03_no_retrain_across_cycles_range_u3e-03,3,75,0.330051736,prefilter,matched,99.62,75,0.330051736,99.64,prefilter,no_retrain_across_cycles,100,0.227474713,99.72,prefilter,retrain_each_cycle,range,75,0.301937916,4,0.328774,99.64,prefilter
u50,cycle03_no_retrain_across_cycles_range_u50,3,400,9.399845144999999,prefilter,matched,98.36,400,9.399845144999999,98.67,prefilter,no_retrain_across_cycles,400,7.843056777,98.46,prefilter,retrain_each_cycle,range,400,7.892863518,4,8.17911,98.67,prefilter
u5e-02,cycle03_no_retrain_across_cycles_range_u5e-02,3,200,1.7136867709999999,prefilter,matched,99.21000000000001,150,1.623062853,99.1,prefilter,no_retrain_across_cycles,75,1.150348629,99.31,prefilter,retrain_each_cycle,range,150,1.505238996,4,1.607011,99.1,prefilter
u75,cycle03_no_retrain_across_cycles_range_u75,3,470,10.160574535,graph,matched,98.01,470,10.160574535,98.02,graph,no_retrain_across_cycles,450,9.318929934,98.11,graph,retrain_each_cycle,range,500,7.7103506070000005,8,7.546124,98.21,graph
u100,cycle04_no_retrain_across_cycles_intersect_u100,4,450,9.322920969,graph,matched,98.31,400,8.369940053,98.22,graph,no_retrain_across_cycles,400,8.264666876,98.41,graph,retrain_each_cycle,intersect,400,5.811544881,8,6.272735,98.22,graph
u1e-01,cycle04_no_retrain_across_cycles_intersect_u1e-01,4,50,2.141416366,prefilter,matched,98.61,50,2.141416366,98.62,prefilter,no_retrain_across_cycles,75,1.869095907,98.71,prefilter,retrain_each_cycle,intersect,50,2.188824511,4,2.262525,98.62,prefilter
u1e-02,cycle04_no_retrain_across_cycles_intersect_u1e-02,4,150,0.598024724,prefilter,matched,99.7,100,0.566501048,99.63,prefilter,no_retrain_across_cycles,100,0.386120623,99.8,prefilter,retrain_each_cycle,intersect,100,0.570723631,4,0.616202,99.63,prefilter
u1e-03,cycle04_no_retrain_across_cycles_intersect_u1e-03,4,100,0.19878725800000002,prefilter,matched,99.88000000000001,100,0.19878725800000002,99.99,prefilter,no_retrain_across_cycles,50,0.162567682,99.98,prefilter,retrain_each_cycle,intersect,100,0.20713296,4,0.22418700000000003,99.99,prefilter
u25,cycle04_no_retrain_across_cycles_intersect_u25,4,300,4.7449588270000005,prefilter,matched,98.35000000000001,300,4.7449588270000005,98.76,prefilter,no_retrain_across_cycles,300,4.273900363,98.45,prefilter,retrain_each_cycle,intersect,300,4.412211989,4,4.587262,98.76,prefilter
u30,cycle04_no_retrain_across_cycles_intersect_u30,4,300,5.471505537,prefilter,matched,98.36,250,5.392606481,98.07,prefilter,no_retrain_across_cycles,300,5.037064319,98.46,prefilter,retrain_each_cycle,intersect,250,4.938635815,4,5.1882839999999995,98.07,prefilter
u3e-03,cycle04_no_retrain_across_cycles_intersect_u3e-03,4,100,0.285819786,prefilter,matched,99.77000000000001,75,0.285119642,99.76,prefilter,no_retrain_across_cycles,100,0.215890218,99.87,prefilter,retrain_each_cycle,intersect,75,0.288652493,4,0.313733,99.76,prefilter
u50,cycle04_no_retrain_across_cycles_intersect_u50,4,300,8.072212634,prefilter,matched,98.29,300,8.072212634,98.31,prefilter,no_retrain_across_cycles,300,7.722789151,98.39,prefilter,retrain_each_cycle,intersect,300,7.540257998,4,7.785244,98.31,prefilter
u5e-02,cycle04_no_retrain_across_cycles_intersect_u5e-02,4,50,1.440290898,prefilter,matched,99.03,50,1.440290898,99.09,prefilter,no_retrain_across_cycles,100,1.175285809,99.13,prefilter,retrain_each_cycle,intersect,50,1.4481723819999999,4,1.500146,99.09,prefilter
u75,cycle04_no_retrain_across_cycles_intersect_u75,4,470,9.758985291,graph,matched,98.05000000000001,470,9.758985291,98.08,graph,no_retrain_across_cycles,450,9.384198713,98.15,graph,retrain_each_cycle,intersect,470,6.6625290800000005,8,7.096012,98.08,graph
u100,cycle04_no_retrain_across_cycles_range_u100,4,450,9.354443111,graph,matched,98.31,400,8.422630942,98.21,graph,no_retrain_across_cycles,400,8.288680507999999,98.41,graph,retrain_each_cycle,range,400,6.008050905,8,6.271667000000001,98.22,graph
u1e-01,cycle04_no_retrain_across_cycles_range_u1e-01,4,100,2.1877553269999996,prefilter,matched,98.61,100,2.1877553269999996,98.62,prefilter,no_retrain_across_cycles,50,1.83427542,98.71,prefilter,retrain_each_cycle,range,100,2.229985955,4,2.314586,98.62,prefilter
u1e-02,cycle04_no_retrain_across_cycles_range_u1e-02,4,150,0.589427919,prefilter,matched,99.7,50,0.5607280560000001,99.63,prefilter,no_retrain_across_cycles,50,0.395465881,99.8,prefilter,retrain_each_cycle,range,50,0.582832341,4,0.620115,99.63,prefilter
u1e-03,cycle04_no_retrain_across_cycles_range_u1e-03,4,50,0.190939033,prefilter,matched,99.88000000000001,50,0.190939033,99.99,prefilter,no_retrain_across_cycles,50,0.163765091,99.98,prefilter,retrain_each_cycle,range,50,0.201360926,4,0.21968600000000002,99.99,prefilter
u25,cycle04_no_retrain_across_cycles_range_u25,4,300,4.806488426,prefilter,matched,98.35000000000001,250,4.6434195570000005,98.25,prefilter,no_retrain_across_cycles,300,4.265036729,98.45,prefilter,retrain_each_cycle,range,250,4.355428713999999,4,4.541556,98.25,prefilter
u30,cycle04_no_retrain_across_cycles_range_u30,4,300,5.515105553000001,prefilter,matched,98.36,300,5.515105553000001,98.59,prefilter,no_retrain_across_cycles,300,5.081688915,98.46,prefilter,retrain_each_cycle,range,300,5.02423894,4,5.166647,98.59,prefilter
u3e-03,cycle04_no_retrain_across_cycles_range_u3e-03,4,100,0.28426850400000003,prefilter,matched,99.77000000000001,50,0.279077738,99.76,prefilter,no_retrain_across_cycles,50,0.21156118100000001,99.87,prefilter,retrain_each_cycle,range,50,0.295292793,4,0.326135,99.76,prefilter
u50,cycle04_no_retrain_across_cycles_range_u50,4,300,8.280045796,prefilter,matched,98.29,300,8.280045796,98.31,prefilter,no_retrain_across_cycles,300,7.9967815049999995,98.39,prefilter,retrain_each_cycle,range,300,7.617920558,4,7.79519,98.31,prefilter
u5e-02,cycle04_no_retrain_across_cycles_range_u5e-02,4,50,1.473733389,prefilter,matched,99.03,50,1.473733389,99.09,prefilter,no_retrain_across_cycles,150,1.175634123,99.13,prefilter,retrain_each_cycle,range,50,1.4606411049999999,4,1.512923,99.09,prefilter
u75,cycle04_no_retrain_across_cycles_range_u75,4,470,10.194807736000001,graph,matched,98.05000000000001,470,10.194807736000001,98.08,graph,no_retrain_across_cycles,450,9.40267951,98.15,graph,retrain_each_cycle,range,470,6.692427336,8,7.112367,98.07,graph
u100,cycle05_no_retrain_across_cycles_intersect_u100,5,400,8.192582687,graph,matched,97.92,400,8.192582687,98.26,graph,no_retrain_across_cycles,300,6.445470187,98.02,graph,retrain_each_cycle,intersect,400,5.747259068,8,6.124560000000001,98.25,graph
u1e-01,cycle05_no_retrain_across_cycles_intersect_u1e-01,5,200,2.304605098,prefilter,matched,98.80000000000001,50,2.1963606880000004,98.79,prefilter,no_retrain_across_cycles,75,1.80369259,98.9,prefilter,retrain_each_cycle,intersect,50,2.2472766109999998,4,2.4131060000000004,98.79,prefilter
u1e-02,cycle05_no_retrain_across_cycles_intersect_u1e-02,5,75,0.545184259,prefilter,matched,99.53,75,0.545184259,99.6,prefilter,no_retrain_across_cycles,100,0.385107908,99.63,prefilter,retrain_each_cycle,intersect,75,0.568451472,4,0.609891,99.6,prefilter
u1e-03,cycle05_no_retrain_across_cycles_intersect_u1e-03,5,50,0.200273413,prefilter,matched,99.87,50,0.200273413,99.97,prefilter,no_retrain_across_cycles,75,0.166125856,99.97,prefilter,retrain_each_cycle,intersect,50,0.202360568,4,0.2204,99.97,prefilter
u25,cycle05_no_retrain_across_cycles_intersect_u25,5,300,4.700712388,prefilter,matched,98.47,200,4.514959481,98.07,prefilter,no_retrain_across_cycles,250,4.234073229,98.57,prefilter,retrain_each_cycle,intersect,200,4.2709698099999995,4,4.462532,98.07,prefilter
u30,cycle05_no_retrain_across_cycles_intersect_u30,5,300,5.517851686,prefilter,matched,98.82000000000001,250,5.337834967,98.55,prefilter,no_retrain_across_cycles,300,4.919916712,98.92,prefilter,retrain_each_cycle,intersect,250,5.088453692,4,5.394103,98.55,prefilter
u3e-03,cycle05_no_retrain_across_cycles_intersect_u3e-03,5,50,0.27022852599999997,prefilter,matched,99.71000000000001,50,0.27022852599999997,99.74,prefilter,no_retrain_across_cycles,100,0.212909061,99.81,prefilter,retrain_each_cycle,intersect,50,0.292736066,4,0.319753,99.74,prefilter
u50,cycle05_no_retrain_across_cycles_intersect_u50,5,300,8.292069526999999,prefilter,matched,98.4,300,8.292069526999999,98.43,prefilter,no_retrain_across_cycles,300,7.883352117,98.5,prefilter,retrain_each_cycle,intersect,300,7.6619338390000005,4,8.072999,98.43,prefilter
u5e-02,cycle05_no_retrain_across_cycles_intersect_u5e-02,5,200,1.5623008500000002,prefilter,matched,99.22,50,1.452034978,99.2,prefilter,no_retrain_across_cycles,75,1.1522894920000002,99.32,prefilter,retrain_each_cycle,intersect,50,1.451262592,4,1.510117,99.2,prefilter
u75,cycle05_no_retrain_across_cycles_intersect_u75,5,470,10.203402046999999,graph,matched,98.2,450,9.155023813,98.12,graph,no_retrain_across_cycles,400,8.21508784,98.3,graph,retrain_each_cycle,intersect,450,6.387075937,8,6.788408,98.12,graph
u100,cycle05_no_retrain_across_cycles_range_u100,5,400,8.381649611999999,graph,matched,97.92,400,8.381649611999999,98.26,graph,no_retrain_across_cycles,300,6.345860069,98.02,graph,retrain_each_cycle,range,400,5.817345733,8,6.22226,98.26,graph
u1e-01,cycle05_no_retrain_across_cycles_range_u1e-01,5,200,2.291184774,prefilter,matched,98.80000000000001,75,2.191369612,98.79,prefilter,no_retrain_across_cycles,75,1.816132787,98.9,prefilter,retrain_each_cycle,range,75,2.22038206,4,2.2807370000000002,98.79,prefilter
u1e-02,cycle05_no_retrain_across_cycles_range_u1e-02,5,50,0.554548028,prefilter,matched,99.53,50,0.554548028,99.6,prefilter,no_retrain_across_cycles,100,0.396019337,99.63,prefilter,retrain_each_cycle,range,50,0.5792773120000001,4,0.618679,99.6,prefilter
u1e-03,cycle05_no_retrain_across_cycles_range_u1e-03,5,50,0.193901765,prefilter,matched,99.87,50,0.193901765,99.97,prefilter,no_retrain_across_cycles,50,0.165533272,99.97,prefilter,retrain_each_cycle,range,50,0.198962485,4,0.213826,99.97,prefilter
u25,cycle05_no_retrain_across_cycles_range_u25,5,250,4.696033544,prefilter,matched,98.47,200,4.612387232,98.07,prefilter,no_retrain_across_cycles,250,4.250613191999999,98.57,prefilter,retrain_each_cycle,range,200,4.4429748920000005,4,4.7112680000000005,98.07,prefilter
u30,cycle05_no_retrain_across_cycles_range_u30,5,250,5.380034128,prefilter,matched,98.27000000000001,250,5.380034128,98.55,prefilter,no_retrain_across_cycles,250,4.9651268250000005,98.37,prefilter,retrain_each_cycle,range,250,5.067600431,4,5.361958,98.55,prefilter
u3e-03,cycle05_no_retrain_across_cycles_range_u3e-03,5,50,0.281830494,prefilter,matched,99.7,50,0.281830494,99.74,prefilter,no_retrain_across_cycles,75,0.21218214,99.8,prefilter,retrain_each_cycle,range,50,0.302703915,4,0.32750599999999996,99.74,prefilter
u50,cycle05_no_retrain_across_cycles_range_u50,5,300,8.170753721,prefilter,matched,98.4,300,8.170753721,98.43,prefilter,no_retrain_across_cycles,300,7.891833011,98.5,prefilter,retrain_each_cycle,range,300,7.826280059,4,8.202767,98.43,prefilter
u5e-02,cycle05_no_retrain_across_cycles_range_u5e-02,5,200,1.55644524,prefilter,matched,99.22,100,1.4385015,99.2,prefilter,no_retrain_across_cycles,75,1.180059788,99.32,prefilter,retrain_each_cycle,range,100,1.4780575759999999,4,1.5339079999999998,99.2,prefilter
u75,cycle05_no_retrain_across_cycles_range_u75,5,470,9.729034181000001,graph,matched,98.2,450,9.321992047,98.12,graph,no_retrain_across_cycles,400,8.239188481,98.3,graph,retrain_each_cycle,range,450,6.465933154,8,6.872328,98.12,graph
