actual_route,beamwidth,bucket,passes_p95_10ms,passes_primary,route,row_index,search_l,selector_type,serving_configuration,v1_avg_latency_ms,v1_p95_latency_ms,v1_recall@10,v3_avg_latency_ms,v3_bytes_per_4k,v3_mean_n_4k,v3_mean_read_size,v3_p95_latency_ms,v3_recall@10,variant
prefilter,4,u1e-03,True,True,prefilter,0,50,intersect,selected route/L/beamwidth,0.163289588,0.18206299999999997,99.94,0.161224734,4096.0,110.848,454033.408,0.17767,99.94,retrain_each_cycle
prefilter,4,u3e-03,True,True,prefilter,1,50,intersect,selected route/L/beamwidth,0.206278134,0.224299,99.86,0.21545523800000002,4096.0,111.449,456495.104,0.24329499999999998,99.86,retrain_each_cycle
prefilter,4,u1e-02,True,True,prefilter,2,75,intersect,selected route/L/beamwidth,0.38582136300000003,0.4209,99.39,0.405815362,4096.0,148.376,607748.096,0.465231,99.39,retrain_each_cycle
prefilter,4,u5e-02,True,True,prefilter,3,150,intersect,selected route/L/beamwidth,1.150810247,1.21378,99.27,1.154010696,4096.0,184.927,757460.992,1.1961659999999998,99.27,retrain_each_cycle
prefilter,4,u1e-01,True,True,prefilter,4,100,intersect,selected route/L/beamwidth,2.134243456,2.3179819999999998,98.03,1.8270923159999999,4096.0,183.483,751546.368,1.8830719999999999,98.03,retrain_each_cycle
prefilter,4,u25,True,True,prefilter,5,300,intersect,selected route/L/beamwidth,4.880693651,5.209218,98.88,4.09313191,4096.0,344.58,1411399.68,4.269247999999999,98.88,retrain_each_cycle
prefilter,4,u30,True,True,prefilter,6,250,intersect,selected route/L/beamwidth,5.612957681,5.941494,98.24,4.67972696,4096.0,287.575,1177907.2,4.872445,98.24,retrain_each_cycle
prefilter,4,u50,True,True,prefilter,7,300,intersect,selected route/L/beamwidth,7.873715456,8.249426,98.47,7.515935837,4096.0,345.903,1416818.688,8.061142,98.47,retrain_each_cycle
graph,8,u75,True,True,graph,8,400,intersect,selected route/L/beamwidth,8.050779764,8.477879000000001,98.16,5.541886942,4096.0,466.275,1909862.4,5.849057,98.16,retrain_each_cycle
graph,8,u100,True,True,graph,9,400,intersect,selected route/L/beamwidth,8.264864728000001,8.513992,98.66,5.731452666,4096.0,466.168,1909424.128,6.1117870000000005,98.66,retrain_each_cycle
prefilter,4,u1e-03,True,True,prefilter,10,50,range,selected route/L/beamwidth,0.170235483,0.187414,99.94,0.160325931,4096.0,110.848,454033.408,0.179522,99.94,retrain_each_cycle
prefilter,4,u3e-03,True,True,prefilter,11,75,range,selected route/L/beamwidth,0.222734563,0.23883600000000002,99.86,0.222075705,4096.0,111.449,456495.104,0.24890600000000002,99.86,retrain_each_cycle
prefilter,4,u1e-02,True,True,prefilter,12,100,range,selected route/L/beamwidth,0.430057345,0.45586,99.39,0.415315652,4096.0,148.376,607748.096,0.44213600000000003,99.39,retrain_each_cycle
prefilter,4,u5e-02,True,True,prefilter,13,75,range,selected route/L/beamwidth,1.234303392,1.27559,99.27,1.171195881,4096.0,184.927,757460.992,1.25045,99.27,retrain_each_cycle
prefilter,4,u1e-01,True,True,prefilter,14,75,range,selected route/L/beamwidth,1.9390202609999998,2.095054,98.03,1.842578459,4096.0,183.483,751546.368,1.900299,98.03,retrain_each_cycle
prefilter,4,u25,True,True,prefilter,15,250,range,selected route/L/beamwidth,4.395299678000001,4.4761940000000005,98.51,3.996496044,4096.0,287.112,1176010.752,4.09514,98.51,retrain_each_cycle
prefilter,4,u30,True,True,prefilter,16,250,range,selected route/L/beamwidth,5.147884937,5.396974,98.24,4.761522495,4096.0,287.575,1177907.2,5.061566,98.24,retrain_each_cycle
prefilter,4,u50,True,True,prefilter,17,300,range,selected route/L/beamwidth,8.452152589999999,8.936057,98.47,7.379705049,4096.0,345.903,1416818.688,7.73651,98.47,retrain_each_cycle
mixed,8,u75,True,True,graph,18,400,range,selected route/L/beamwidth,8.328845285,8.601510000000001,98.16,5.76093429,4096.0,466.193,1909526.528,6.099197,98.16,retrain_each_cycle
mixed,8,u100,True,True,graph,19,400,range,selected route/L/beamwidth,8.429368318,8.787673,98.66,5.674877423,4096.0,466.242,1909727.232,6.005979999999999,98.66,retrain_each_cycle
prefilter,4,u1e-03,True,True,prefilter,20,50,intersect,selected route/L/beamwidth,0.20511003500000002,0.225447,99.96,0.19951558,4096.0,112.516,460865.536,0.225878,99.96,no_retrain_across_cycles
prefilter,4,u3e-03,True,True,prefilter,21,75,intersect,selected route/L/beamwidth,0.284910921,0.345175,99.69,0.29275776600000003,4096.0,112.038,458907.648,0.328001,99.69,no_retrain_across_cycles
prefilter,4,u1e-02,True,True,prefilter,22,75,intersect,selected route/L/beamwidth,0.597109018,0.636026,99.64,0.583489705,4096.0,148.637,608817.152,0.647428,99.64,no_retrain_across_cycles
prefilter,4,u5e-02,True,True,prefilter,23,100,intersect,selected route/L/beamwidth,1.514759263,1.72872,99.44,1.473742503,4096.0,184.734,756670.464,1.556344,99.44,no_retrain_across_cycles
prefilter,4,u1e-01,True,True,prefilter,24,150,intersect,selected route/L/beamwidth,2.312970441,2.367683,98.23,2.2379983539999997,4096.0,184.69,756490.24,2.390779,98.23,no_retrain_across_cycles
prefilter,4,u25,True,True,prefilter,25,250,intersect,selected route/L/beamwidth,5.4980005940000005,6.0114,98.65,4.231606277,4096.0,288.426,1181392.896,4.4256899999999995,98.65,no_retrain_across_cycles
prefilter,4,u30,True,True,prefilter,26,250,intersect,selected route/L/beamwidth,5.878102846,6.1465749999999995,98.32,4.855495174,4096.0,288.355,1181102.08,5.0543130000000005,98.32,no_retrain_across_cycles
prefilter,4,u50,True,True,prefilter,27,300,intersect,selected route/L/beamwidth,8.303512764999999,9.092161,98.48,7.545599108,4096.0,346.13,1417748.48,7.858547,98.48,no_retrain_across_cycles
graph,8,u75,True,True,graph,28,450,intersect,selected route/L/beamwidth,9.377810836,9.63715,98.34,6.200422542999999,4096.0,527.63,2161172.48,6.527368999999999,98.36,no_retrain_across_cycles
graph,8,u100,True,True,graph,29,400,intersect,selected route/L/beamwidth,8.467554578,8.878812,98.41,6.2013441899999995,4096.0,471.435,1930997.76,6.118239,98.41,no_retrain_across_cycles
prefilter,4,u1e-03,True,True,prefilter,30,75,range,selected route/L/beamwidth,0.240153803,0.273176,99.96,0.20440234799999998,4096.0,112.516,460865.536,0.223077,99.96,no_retrain_across_cycles
prefilter,4,u3e-03,True,True,prefilter,31,100,range,selected route/L/beamwidth,0.358087135,0.399367,99.72,0.338900436,4096.0,116.645,477777.92,0.393648,99.72,no_retrain_across_cycles
prefilter,4,u1e-02,True,True,prefilter,32,50,range,selected route/L/beamwidth,0.674796214,0.7351660000000001,99.64,0.604569207,4096.0,148.637,608817.152,0.667159,99.64,no_retrain_across_cycles
prefilter,4,u5e-02,True,True,prefilter,33,50,range,selected route/L/beamwidth,1.777755513,1.894824,99.44,1.509541674,4096.0,184.734,756670.464,1.606162,99.44,no_retrain_across_cycles
prefilter,4,u1e-01,True,True,prefilter,34,150,range,selected route/L/beamwidth,3.222686503,3.368522,98.23,2.22308754,4096.0,184.69,756490.24,2.385315,98.23,no_retrain_across_cycles
prefilter,4,u25,True,True,prefilter,35,250,range,selected route/L/beamwidth,4.701495213,4.916262,98.65,4.40582561,4096.0,288.426,1181392.896,4.6904889999999995,98.65,no_retrain_across_cycles
prefilter,4,u30,True,True,prefilter,36,300,range,selected route/L/beamwidth,5.551167093,5.904864,98.9,5.03273494,4096.0,345.812,1416445.952,5.3095680000000005,98.9,no_retrain_across_cycles
prefilter,4,u50,True,True,prefilter,37,300,range,selected route/L/beamwidth,8.292436967,8.929590000000001,98.48,7.635624308000001,4096.0,346.13,1417748.48,7.97224,98.48,no_retrain_across_cycles
mixed,8,u75,True,True,graph,38,450,range,selected route/L/beamwidth,9.244931232999999,9.54698,98.36,6.712899124,4096.0,527.563,2160898.048,6.690736,98.36,no_retrain_across_cycles
mixed,8,u100,True,True,graph,39,400,range,selected route/L/beamwidth,8.241494264,8.587962,98.41,5.6522336619999995,4096.0,471.48,1931182.08,6.014028000000001,98.41,no_retrain_across_cycles
prefilter,4,u1e-03,True,True,prefilter,40,50,intersect,selected route/L/beamwidth,0.16641119299999999,0.18484899999999999,99.92,0.163054816,4096.0,111.653,457330.688,0.194163,99.92,retrain_each_cycle
prefilter,4,u3e-03,True,True,prefilter,41,50,intersect,selected route/L/beamwidth,0.211060394,0.235677,99.73,0.208540061,4096.0,111.555,456929.28,0.22378,99.73,retrain_each_cycle
prefilter,4,u1e-02,True,True,prefilter,42,100,intersect,selected route/L/beamwidth,0.40715896199999996,0.45424200000000003,99.55,0.40110747300000005,4096.0,148.876,609796.096,0.44214499999999995,99.55,retrain_each_cycle
prefilter,4,u5e-02,True,True,prefilter,43,75,intersect,selected route/L/beamwidth,1.14711173,1.226212,99.3,1.176009461,4096.0,186.434,763633.664,1.268341,99.3,retrain_each_cycle
prefilter,4,u1e-01,True,True,prefilter,44,50,intersect,selected route/L/beamwidth,1.880475569,2.037834,98.34,1.869235554,4096.0,184.611,756166.656,2.001919,98.34,retrain_each_cycle
prefilter,4,u25,True,True,prefilter,45,200,intersect,selected route/L/beamwidth,4.274431754999999,4.604913,98.01,3.912190502,4096.0,230.233,943034.368,4.145279,98.01,retrain_each_cycle
prefilter,4,u30,True,True,prefilter,46,250,intersect,selected route/L/beamwidth,5.11913477,5.428496,98.52,4.733708629,4096.0,287.701,1178423.296,4.9527,98.52,retrain_each_cycle
prefilter,4,u50,True,True,prefilter,47,250,intersect,selected route/L/beamwidth,7.978573192,8.426015,98.15,7.53735845,4096.0,288.587,1182052.352,8.112464,98.15,retrain_each_cycle
graph,8,u75,True,True,graph,48,400,intersect,selected route/L/beamwidth,8.228145836,8.534649,98.44,5.620208885,4096.0,467.896,1916502.016,5.928149,98.43,retrain_each_cycle
graph,4,u100,True,True,graph,49,300,intersect,selected route/L/beamwidth,6.715022243,7.226179,98.23,6.919895532,4096.0,353.746,1448943.616,7.250984000000001,98.24,retrain_each_cycle
prefilter,4,u1e-03,True,True,prefilter,50,50,range,selected route/L/beamwidth,0.163698545,0.18418600000000002,99.92,0.16171274,4096.0,111.653,457330.688,0.181175,99.92,retrain_each_cycle
prefilter,4,u3e-03,True,True,prefilter,51,50,range,selected route/L/beamwidth,0.221398401,0.23864500000000002,99.73,0.21511222900000002,4096.0,111.555,456929.28,0.232769,99.73,retrain_each_cycle
prefilter,4,u1e-02,True,True,prefilter,52,75,range,selected route/L/beamwidth,0.405983862,0.454601,99.55,0.411730252,4096.0,148.876,609796.096,0.45257,99.55,retrain_each_cycle
prefilter,4,u5e-02,True,True,prefilter,53,50,range,selected route/L/beamwidth,1.15053387,1.217337,99.3,1.1860790179999998,4096.0,186.434,763633.664,1.309069,99.3,retrain_each_cycle
prefilter,4,u1e-01,True,True,prefilter,54,75,range,selected route/L/beamwidth,1.8058593969999999,1.9085239999999999,98.34,1.8816456659999998,4096.0,184.611,756166.656,2.0839540000000003,98.34,retrain_each_cycle
prefilter,4,u25,True,True,prefilter,55,200,range,selected route/L/beamwidth,4.179420505,4.3154639999999995,98.01,3.9605625100000004,4096.0,230.233,943034.368,4.1132610000000005,98.01,retrain_each_cycle
prefilter,4,u30,True,True,prefilter,56,300,range,selected route/L/beamwidth,4.920838237,5.091164,99.0,4.880653754,4096.0,345.178,1413849.088,5.121842,99.0,retrain_each_cycle
prefilter,4,u50,True,True,prefilter,57,250,range,selected route/L/beamwidth,7.780176361,8.008671,98.15,7.402378253,4096.0,288.587,1182052.352,7.705121,98.15,retrain_each_cycle
mixed,8,u75,True,True,graph,58,400,range,selected route/L/beamwidth,8.150807556,8.432778,98.43,5.659508054,4096.0,467.882,1916444.672,5.930930999999999,98.43,retrain_each_cycle
mixed,4,u100,True,True,graph,59,300,range,selected route/L/beamwidth,6.413701904,6.630518,98.23,6.983993058,4096.0,353.752,1448968.192,7.326912999999999,98.23,retrain_each_cycle
prefilter,4,u1e-03,True,True,prefilter,60,50,intersect,selected route/L/beamwidth,0.197618716,0.217355,99.97,0.20383389,4096.0,110.714,453484.544,0.22583799999999998,99.97,no_retrain_across_cycles
prefilter,4,u3e-03,True,True,prefilter,61,75,intersect,selected route/L/beamwidth,0.28149956600000003,0.310393,99.68,0.29679042600000005,4096.0,110.799,453832.704,0.331823,99.68,no_retrain_across_cycles
prefilter,4,u1e-02,True,True,prefilter,62,50,intersect,selected route/L/beamwidth,0.548024529,0.5977720000000001,99.53,0.5872167960000001,4096.0,148.039,606367.744,0.6428550000000001,99.53,no_retrain_across_cycles
prefilter,4,u5e-02,True,True,prefilter,63,50,intersect,selected route/L/beamwidth,1.418439981,1.4997660000000002,99.19,1.493935219,4096.0,184.267,754757.632,1.572921,99.19,no_retrain_across_cycles
prefilter,4,u1e-01,True,True,prefilter,64,50,intersect,selected route/L/beamwidth,2.206731937,2.3533519999999997,98.69,2.2583766059999997,4096.0,184.323,754987.008,2.3706460000000003,98.69,no_retrain_across_cycles
prefilter,4,u25,True,True,prefilter,65,150,intersect,selected route/L/beamwidth,4.411347863,4.630279000000001,98.26,4.480409896,4096.0,222.434,911089.664,4.830633,98.26,no_retrain_across_cycles
prefilter,4,u30,True,True,prefilter,66,75,intersect,selected route/L/beamwidth,5.128264006999999,5.3333900000000005,98.06,4.926075857,4096.0,222.366,910811.136,5.186814999999999,98.06,no_retrain_across_cycles
prefilter,4,u50,True,True,prefilter,67,250,intersect,selected route/L/beamwidth,8.028008418999999,8.295677,98.3,7.600204044,4096.0,288.608,1182138.368,7.966953999999999,98.3,no_retrain_across_cycles
graph,8,u75,True,True,graph,68,470,intersect,selected route/L/beamwidth,9.624607314999999,9.93517,98.41,6.608314985,4096.0,551.965,2260848.64,6.930452,98.41,no_retrain_across_cycles
graph,8,u100,True,True,graph,69,400,intersect,selected route/L/beamwidth,8.234724449,8.534214,98.53,5.715789605,4096.0,472.974,1937301.504,6.096132,98.53,no_retrain_across_cycles
prefilter,4,u1e-03,True,True,prefilter,70,75,range,selected route/L/beamwidth,0.203046691,0.236466,99.97,0.20393962,4096.0,110.714,453484.544,0.223119,99.97,no_retrain_across_cycles
prefilter,4,u3e-03,True,True,prefilter,71,50,range,selected route/L/beamwidth,0.28654709700000003,0.314682,99.68,0.303684572,4096.0,110.799,453832.704,0.336719,99.68,no_retrain_across_cycles
prefilter,4,u1e-02,True,True,prefilter,72,50,range,selected route/L/beamwidth,0.561500224,0.609183,99.53,0.5892884629999999,4096.0,148.039,606367.744,0.6377759999999999,99.53,no_retrain_across_cycles
prefilter,4,u5e-02,True,True,prefilter,73,75,range,selected route/L/beamwidth,1.451779488,1.5322660000000001,99.19,1.484186684,4096.0,184.267,754757.632,1.5362850000000001,99.19,no_retrain_across_cycles
prefilter,4,u1e-01,True,True,prefilter,74,50,range,selected route/L/beamwidth,2.225260123,2.337672,98.69,2.2506330670000003,4096.0,184.323,754987.008,2.34589,98.69,no_retrain_across_cycles
prefilter,4,u25,True,True,prefilter,75,50,range,selected route/L/beamwidth,4.510329598999999,4.674626,98.26,4.43675663,4096.0,222.434,911089.664,4.6765609999999995,98.26,no_retrain_across_cycles
prefilter,4,u30,True,True,prefilter,76,150,range,selected route/L/beamwidth,5.108883196,5.310598,98.06,5.062125899,4096.0,222.366,910811.136,5.347225000000001,98.06,no_retrain_across_cycles
prefilter,4,u50,True,True,prefilter,77,300,range,selected route/L/beamwidth,8.049895857000001,8.341143,98.84,7.836951616,4096.0,346.219,1418113.024,8.201690000000001,98.84,no_retrain_across_cycles
mixed,8,u75,True,True,graph,78,450,range,selected route/L/beamwidth,9.290396203,9.600925,98.33,6.361046069,4096.0,529.215,2167664.64,6.698158,98.33,no_retrain_across_cycles
mixed,8,u100,True,True,graph,79,400,range,selected route/L/beamwidth,8.405738198,9.033155,98.53,5.772830882999999,4096.0,472.973,1937297.408,6.174303,98.53,no_retrain_across_cycles
prefilter,4,u1e-03,True,True,prefilter,80,50,intersect,selected route/L/beamwidth,0.15904004,0.175354,99.9,0.16335565600000002,4096.0,111.287,455831.552,0.186002,99.9,retrain_each_cycle
prefilter,4,u3e-03,True,True,prefilter,81,75,intersect,selected route/L/beamwidth,0.211170479,0.23840999999999998,99.68,0.214884954,4096.0,110.778,453746.688,0.241091,99.68,retrain_each_cycle
prefilter,4,u1e-02,True,True,prefilter,82,100,intersect,selected route/L/beamwidth,0.386687644,0.41615800000000003,99.67,0.399922277,4096.0,147.923,605892.608,0.43050900000000003,99.67,retrain_each_cycle
prefilter,4,u5e-02,True,True,prefilter,83,150,intersect,selected route/L/beamwidth,1.157744603,1.24122,99.31,1.166866153,4096.0,185.625,760320.0,1.214716,99.31,retrain_each_cycle
prefilter,4,u1e-01,True,True,prefilter,84,150,intersect,selected route/L/beamwidth,1.854833816,2.030679,98.66,1.847081767,4096.0,185.1,758169.6,1.906626,98.66,retrain_each_cycle
prefilter,4,u25,True,True,prefilter,85,450,intersect,selected route/L/beamwidth,5.248454262999999,5.590941,98.42,4.387460462,4096.0,519.232,2126774.272,4.520335,98.42,retrain_each_cycle
prefilter,4,u30,True,True,prefilter,86,470,intersect,selected route/L/beamwidth,6.087199123,6.729674,98.64,5.142007899,4096.0,542.166,2220711.936,5.40099,98.64,retrain_each_cycle
prefilter,4,u50,True,True,prefilter,87,400,intersect,selected route/L/beamwidth,9.463226682,10.022369000000001,98.46,7.632658786,4096.0,462.557,1894633.472,7.951773,98.46,retrain_each_cycle
graph,8,u75,True,True,graph,88,450,intersect,selected route/L/beamwidth,9.555893778,10.009894000000001,98.11,6.291180101,4096.0,526.532,2156675.072,6.61623,98.12,retrain_each_cycle
graph,8,u100,True,True,graph,89,400,intersect,selected route/L/beamwidth,8.445730018,8.628620000000002,98.17,5.626738957,4096.0,470.224,1926037.504,5.964263,98.17,retrain_each_cycle
prefilter,4,u1e-03,True,True,prefilter,90,50,range,selected route/L/beamwidth,0.165187289,0.177643,99.9,0.15552642700000002,4096.0,111.287,455831.552,0.166131,99.9,retrain_each_cycle
prefilter,4,u3e-03,True,True,prefilter,91,100,range,selected route/L/beamwidth,0.227474713,0.246416,99.72,0.21900377199999999,4096.0,115.387,472625.152,0.236387,99.72,retrain_each_cycle
prefilter,4,u1e-02,True,True,prefilter,92,50,range,selected route/L/beamwidth,0.39278173099999997,0.424005,99.67,0.40673679900000004,4096.0,147.923,605892.608,0.437833,99.67,retrain_each_cycle
prefilter,4,u5e-02,True,True,prefilter,93,75,range,selected route/L/beamwidth,1.150348629,1.2181089999999999,99.31,1.171245181,4096.0,185.625,760320.0,1.220323,99.31,retrain_each_cycle
prefilter,4,u1e-01,True,True,prefilter,94,75,range,selected route/L/beamwidth,1.845999605,1.941386,98.66,1.866794816,4096.0,185.1,758169.6,1.947416,98.66,retrain_each_cycle
prefilter,4,u25,True,True,prefilter,95,400,range,selected route/L/beamwidth,4.590825884,4.900294,98.19,4.353944284,4096.0,461.477,1890209.792,4.6004179999999995,98.19,retrain_each_cycle
prefilter,4,u30,True,True,prefilter,96,400,range,selected route/L/beamwidth,5.2812184669999995,5.535781,98.37,4.9847172760000005,4096.0,461.467,1890168.832,5.171205,98.37,retrain_each_cycle
prefilter,4,u50,True,True,prefilter,97,400,range,selected route/L/beamwidth,7.843056777,8.159767,98.46,7.624923186,4096.0,462.557,1894633.472,7.946962999999999,98.46,retrain_each_cycle
mixed,8,u75,True,True,graph,98,450,range,selected route/L/beamwidth,9.318929934,9.894879000000001,98.11,6.353765818,4096.0,526.47,2156421.12,6.761337999999999,98.11,retrain_each_cycle
mixed,8,u100,True,True,graph,99,400,range,selected route/L/beamwidth,8.369030439,9.013423000000001,98.17,5.871455212,4096.0,470.153,1925746.688,8.051237,98.17,retrain_each_cycle
prefilter,4,u1e-03,True,True,prefilter,100,50,intersect,selected route/L/beamwidth,0.19667116899999998,0.218433,99.9,0.202241826,4096.0,113.991,466907.136,0.221419,99.9,no_retrain_across_cycles
prefilter,4,u3e-03,True,True,prefilter,101,100,intersect,selected route/L/beamwidth,0.280445091,0.30993400000000004,99.68,0.306339117,4096.0,117.074,479535.104,0.34750200000000003,99.68,no_retrain_across_cycles
prefilter,4,u1e-02,True,True,prefilter,102,100,intersect,selected route/L/beamwidth,0.576761073,0.630062,99.56,0.571806383,4096.0,147.549,604360.704,0.612405,99.56,no_retrain_across_cycles
prefilter,4,u5e-02,True,True,prefilter,103,50,intersect,selected route/L/beamwidth,1.4419761960000002,1.51207,99.1,1.451948549,4096.0,183.215,750448.64,1.5414459999999999,99.1,no_retrain_across_cycles
prefilter,4,u1e-01,True,True,prefilter,104,150,intersect,selected route/L/beamwidth,2.2702871719999997,2.451406,98.65,2.221743779,4096.0,183.764,752697.344,2.315895,98.65,no_retrain_across_cycles
prefilter,4,u25,True,True,prefilter,105,400,intersect,selected route/L/beamwidth,5.218838316,5.527296000000001,98.61,4.668140945,4096.0,459.51,1882152.96,4.882318000000001,98.61,no_retrain_across_cycles
prefilter,4,u30,True,True,prefilter,106,450,intersect,selected route/L/beamwidth,6.01922444,6.191375,98.92,5.567421427,4096.0,517.931,2121445.376,5.776553,98.92,no_retrain_across_cycles
prefilter,4,u50,True,True,prefilter,107,400,intersect,selected route/L/beamwidth,8.603759241,9.30053,98.67,7.735012007,4096.0,459.811,1883385.856,7.962721999999999,98.67,no_retrain_across_cycles
graph,8,u75,True,True,graph,108,500,intersect,selected route/L/beamwidth,9.938212581,10.258016,98.01,7.491502447,4096.0,587.479,2406313.984,7.486121,98.21,no_retrain_across_cycles
graph,8,u100,True,True,graph,109,450,intersect,selected route/L/beamwidth,9.783134561999999,9.916032,98.24,6.397360249999999,4096.0,531.081,2175307.776,6.798062,98.24,no_retrain_across_cycles
prefilter,4,u1e-03,True,True,prefilter,110,75,range,selected route/L/beamwidth,0.226114012,0.254376,99.9,0.202918362,4096.0,113.991,466907.136,0.222411,99.9,no_retrain_across_cycles
prefilter,4,u3e-03,True,True,prefilter,111,75,range,selected route/L/beamwidth,0.330051736,0.364019,99.64,0.301937916,4096.0,112.338,460136.448,0.328774,99.64,no_retrain_across_cycles
prefilter,4,u1e-02,True,True,prefilter,112,75,range,selected route/L/beamwidth,0.651726602,0.699441,99.56,0.5858334559999999,4096.0,147.549,604360.704,0.640814,99.56,no_retrain_across_cycles
prefilter,4,u5e-02,True,True,prefilter,113,150,range,selected route/L/beamwidth,1.623062853,1.730144,99.1,1.505238996,4096.0,183.215,750448.64,1.607011,99.1,no_retrain_across_cycles
prefilter,4,u1e-01,True,True,prefilter,114,75,range,selected route/L/beamwidth,2.165865626,2.267533,98.65,2.209481053,4096.0,183.764,752697.344,2.2641430000000002,98.65,no_retrain_across_cycles
prefilter,4,u25,True,True,prefilter,115,400,range,selected route/L/beamwidth,5.973982511999999,6.22063,98.61,4.797948394,4096.0,459.51,1882152.96,5.075495,98.61,no_retrain_across_cycles
prefilter,4,u30,True,True,prefilter,116,400,range,selected route/L/beamwidth,6.6554874449999994,6.8563469999999995,98.69,5.333550099,4096.0,460.441,1885966.336,5.495671000000001,98.69,no_retrain_across_cycles
prefilter,4,u50,True,True,prefilter,117,400,range,selected route/L/beamwidth,9.399845144999999,9.823295,98.67,7.892863518,4096.0,459.811,1883385.856,8.17911,98.67,no_retrain_across_cycles
mixed,8,u75,True,True,graph,118,500,range,selected route/L/beamwidth,10.160574535,11.012181,98.02,7.7103506070000005,4096.0,587.505,2406420.48,7.546124,98.21,no_retrain_across_cycles
mixed,8,u100,True,True,graph,119,450,range,selected route/L/beamwidth,9.351639936,9.721729999999999,98.24,6.458396178,4096.0,531.105,2175406.08,6.858219,98.24,no_retrain_across_cycles
prefilter,4,u1e-03,True,True,prefilter,120,50,intersect,selected route/L/beamwidth,0.162567682,0.18081999999999998,99.98,0.15742505299999998,4096.0,110.079,450883.584,0.17031,99.98,retrain_each_cycle
prefilter,4,u3e-03,True,True,prefilter,121,100,intersect,selected route/L/beamwidth,0.215890218,0.235466,99.87,0.21612443099999998,4096.0,114.989,470994.944,0.236225,99.87,retrain_each_cycle
prefilter,4,u1e-02,True,True,prefilter,122,100,intersect,selected route/L/beamwidth,0.386120623,0.426133,99.8,0.392985656,4096.0,148.009,606244.864,0.418916,99.8,retrain_each_cycle
prefilter,4,u5e-02,True,True,prefilter,123,100,intersect,selected route/L/beamwidth,1.175285809,1.227873,99.13,1.1402857039999998,4096.0,184.956,757579.776,1.183721,99.13,retrain_each_cycle
prefilter,4,u1e-01,True,True,prefilter,124,75,intersect,selected route/L/beamwidth,1.869095907,2.0852820000000003,98.71,1.82032356,4096.0,184.439,755462.144,1.875107,98.71,retrain_each_cycle
prefilter,4,u25,True,True,prefilter,125,300,intersect,selected route/L/beamwidth,4.273900363,4.363805999999999,98.45,4.065546136,4096.0,345.534,1415307.264,4.173821,98.45,retrain_each_cycle
prefilter,4,u30,True,True,prefilter,126,300,intersect,selected route/L/beamwidth,5.037064319,5.295468,98.46,4.726294075,4096.0,345.269,1414221.824,4.828462,98.46,retrain_each_cycle
prefilter,4,u50,True,True,prefilter,127,300,intersect,selected route/L/beamwidth,7.722789151,8.116525,98.39,7.370565587,4096.0,345.786,1416339.456,7.542232,98.39,retrain_each_cycle
graph,8,u75,True,True,graph,128,450,intersect,selected route/L/beamwidth,9.384198713,12.141973,98.15,6.290412099,4096.0,526.139,2155065.344,6.596466,98.15,retrain_each_cycle
graph,4,u100,True,True,graph,129,400,intersect,selected route/L/beamwidth,8.264666876,8.536005,98.41,9.17893913,4096.0,469.099,1921429.504,9.560553,98.41,retrain_each_cycle
prefilter,4,u1e-03,True,True,prefilter,130,50,range,selected route/L/beamwidth,0.163765091,0.1804,99.98,0.15647251499999998,4096.0,110.079,450883.584,0.16958,99.98,retrain_each_cycle
prefilter,4,u3e-03,True,True,prefilter,131,50,range,selected route/L/beamwidth,0.21156118100000001,0.232386,99.87,0.215784624,4096.0,110.399,452194.304,0.2377,99.87,retrain_each_cycle
prefilter,4,u1e-02,True,True,prefilter,132,50,range,selected route/L/beamwidth,0.395465881,0.444625,99.8,0.408093914,4096.0,148.009,606244.864,0.440257,99.8,retrain_each_cycle
prefilter,4,u5e-02,True,True,prefilter,133,150,range,selected route/L/beamwidth,1.175634123,1.242123,99.13,1.182899798,4096.0,184.956,757579.776,1.240778,99.13,retrain_each_cycle
prefilter,4,u1e-01,True,True,prefilter,134,50,range,selected route/L/beamwidth,1.83427542,1.918615,98.71,1.8726480939999999,4096.0,184.439,755462.144,1.979012,98.71,retrain_each_cycle
prefilter,4,u25,True,True,prefilter,135,300,range,selected route/L/beamwidth,4.265036729,4.491637,98.45,4.084824145,4096.0,345.534,1415307.264,4.221127999999999,98.45,retrain_each_cycle
prefilter,4,u30,True,True,prefilter,136,300,range,selected route/L/beamwidth,5.081688915,5.182653,98.46,4.782476329,4096.0,345.269,1414221.824,4.94266,98.46,retrain_each_cycle
prefilter,4,u50,True,True,prefilter,137,300,range,selected route/L/beamwidth,7.9967815049999995,8.329325,98.39,7.426554956,4096.0,345.786,1416339.456,7.643487,98.39,retrain_each_cycle
mixed,8,u75,True,True,graph,138,450,range,selected route/L/beamwidth,9.40267951,10.11119,98.15,6.358551208,4096.0,526.135,2155048.96,6.686552,98.15,retrain_each_cycle
mixed,8,u100,True,True,graph,139,400,range,selected route/L/beamwidth,8.288680507999999,8.576789000000002,98.41,5.720729362,4096.0,469.799,1924296.704,6.005865,98.42,retrain_each_cycle
prefilter,4,u1e-03,True,True,prefilter,140,100,intersect,selected route/L/beamwidth,0.19878725800000002,0.218075,99.99,0.20713296,4096.0,117.308,480493.568,0.22418700000000003,99.99,no_retrain_across_cycles
prefilter,4,u3e-03,True,True,prefilter,141,75,intersect,selected route/L/beamwidth,0.285119642,0.31451100000000004,99.76,0.288652493,4096.0,112.03,458874.88,0.313733,99.76,no_retrain_across_cycles
prefilter,4,u1e-02,True,True,prefilter,142,100,intersect,selected route/L/beamwidth,0.566501048,0.621126,99.63,0.570723631,4096.0,147.833,605523.968,0.616202,99.63,no_retrain_across_cycles
prefilter,4,u5e-02,True,True,prefilter,143,50,intersect,selected route/L/beamwidth,1.440290898,1.491283,99.09,1.4481723819999999,4096.0,184.797,756928.512,1.500146,99.09,no_retrain_across_cycles
prefilter,4,u1e-01,True,True,prefilter,144,50,intersect,selected route/L/beamwidth,2.141416366,2.238815,98.62,2.188824511,4096.0,184.842,757112.832,2.262525,98.62,no_retrain_across_cycles
prefilter,4,u25,True,True,prefilter,145,300,intersect,selected route/L/beamwidth,4.7449588270000005,4.86181,98.76,4.412211989,4096.0,345.383,1414688.768,4.587262,98.76,no_retrain_across_cycles
prefilter,4,u30,True,True,prefilter,146,250,intersect,selected route/L/beamwidth,5.392606481,5.65283,98.07,4.938635815,4096.0,287.75,1178624.0,5.1882839999999995,98.07,no_retrain_across_cycles
prefilter,4,u50,True,True,prefilter,147,300,intersect,selected route/L/beamwidth,8.072212634,8.328408999999999,98.31,7.540257998,4096.0,346.321,1418530.816,7.785244,98.31,no_retrain_across_cycles
graph,8,u75,True,True,graph,148,470,intersect,selected route/L/beamwidth,9.758985291,10.356440000000001,98.08,6.6625290800000005,4096.0,554.231,2270130.176,7.096012,98.08,no_retrain_across_cycles
graph,8,u100,True,True,graph,149,400,intersect,selected route/L/beamwidth,8.369940053,8.911031000000001,98.22,5.811544881,4096.0,475.172,1946304.512,6.272735,98.22,no_retrain_across_cycles
prefilter,4,u1e-03,True,True,prefilter,150,50,range,selected route/L/beamwidth,0.190939033,0.21087799999999998,99.99,0.201360926,4096.0,112.658,461447.168,0.21968600000000002,99.99,no_retrain_across_cycles
prefilter,4,u3e-03,True,True,prefilter,151,50,range,selected route/L/beamwidth,0.279077738,0.309379,99.76,0.295292793,4096.0,112.03,458874.88,0.326135,99.76,no_retrain_across_cycles
prefilter,4,u1e-02,True,True,prefilter,152,50,range,selected route/L/beamwidth,0.5607280560000001,0.615564,99.63,0.582832341,4096.0,147.833,605523.968,0.620115,99.63,no_retrain_across_cycles
prefilter,4,u5e-02,True,True,prefilter,153,50,range,selected route/L/beamwidth,1.473733389,1.550391,99.09,1.4606411049999999,4096.0,184.797,756928.512,1.512923,99.09,no_retrain_across_cycles
prefilter,4,u1e-01,True,True,prefilter,154,100,range,selected route/L/beamwidth,2.1877553269999996,2.2739520000000004,98.62,2.229985955,4096.0,184.842,757112.832,2.314586,98.62,no_retrain_across_cycles
prefilter,4,u25,True,True,prefilter,155,250,range,selected route/L/beamwidth,4.6434195570000005,4.816652,98.25,4.355428713999999,4096.0,287.808,1178861.568,4.541556,98.25,no_retrain_across_cycles
prefilter,4,u30,True,True,prefilter,156,300,range,selected route/L/beamwidth,5.515105553000001,5.707849,98.59,5.02423894,4096.0,345.374,1414651.904,5.166647,98.59,no_retrain_across_cycles
prefilter,4,u50,True,True,prefilter,157,300,range,selected route/L/beamwidth,8.280045796,8.584254999999999,98.31,7.617920558,4096.0,346.321,1418530.816,7.79519,98.31,no_retrain_across_cycles
mixed,8,u75,True,True,graph,158,470,range,selected route/L/beamwidth,10.194807736000001,9.996403,98.08,6.692427336,4096.0,554.188,2269954.048,7.112367,98.07,no_retrain_across_cycles
mixed,8,u100,True,True,graph,159,400,range,selected route/L/beamwidth,8.422630942,8.800182000000001,98.21,6.008050905,4096.0,475.084,1945944.064,6.271667000000001,98.22,no_retrain_across_cycles
prefilter,4,u1e-03,True,True,prefilter,160,75,intersect,selected route/L/beamwidth,0.166125856,0.187863,99.97,0.157894314,4096.0,109.686,449273.856,0.174798,99.97,retrain_each_cycle
prefilter,4,u3e-03,True,True,prefilter,161,100,intersect,selected route/L/beamwidth,0.212909061,0.234848,99.81,0.22172846599999999,4096.0,115.054,471261.184,0.26396,99.81,retrain_each_cycle
prefilter,4,u1e-02,True,True,prefilter,162,100,intersect,selected route/L/beamwidth,0.385107908,0.424449,99.63,0.397040143,4096.0,146.7,600883.2,0.426879,99.63,retrain_each_cycle
prefilter,4,u5e-02,True,True,prefilter,163,75,intersect,selected route/L/beamwidth,1.1522894920000002,1.2154010000000002,99.32,1.1633530049999998,4096.0,184.086,754016.256,1.23041,99.32,retrain_each_cycle
prefilter,4,u1e-01,True,True,prefilter,164,75,intersect,selected route/L/beamwidth,1.80369259,1.9013710000000001,98.9,1.883325967,4096.0,183.641,752193.536,2.032612,98.9,retrain_each_cycle
prefilter,4,u25,True,True,prefilter,165,250,intersect,selected route/L/beamwidth,4.234073229,4.434709,98.57,4.031178788,4096.0,287.456,1177419.776,4.236286,98.57,retrain_each_cycle
prefilter,4,u30,True,True,prefilter,166,300,intersect,selected route/L/beamwidth,4.919916712,5.096522,98.92,4.7946948030000005,4096.0,344.83,1412423.68,4.97094,98.92,retrain_each_cycle
prefilter,4,u50,True,True,prefilter,167,300,intersect,selected route/L/beamwidth,7.883352117,8.296201,98.5,7.39621446,4096.0,344.157,1409667.072,7.5602529999999994,98.5,retrain_each_cycle
graph,8,u75,True,True,graph,168,400,intersect,selected route/L/beamwidth,8.21508784,8.494449000000001,98.3,5.628112164999999,4096.0,465.968,1908604.928,5.976778,98.31,retrain_each_cycle
graph,4,u100,True,True,graph,169,300,intersect,selected route/L/beamwidth,6.445470187,8.504157,98.02,7.531557895,4096.0,353.085,1446236.16,7.799512,98.02,retrain_each_cycle
prefilter,4,u1e-03,True,True,prefilter,170,50,range,selected route/L/beamwidth,0.165533272,0.180529,99.97,0.15919086799999999,4096.0,109.686,449273.856,0.180006,99.97,retrain_each_cycle
prefilter,4,u3e-03,True,True,prefilter,171,75,range,selected route/L/beamwidth,0.21218214,0.22975700000000002,99.8,0.215314581,4096.0,110.456,452427.776,0.233746,99.8,retrain_each_cycle
prefilter,4,u1e-02,True,True,prefilter,172,100,range,selected route/L/beamwidth,0.396019337,0.429659,99.63,0.405601073,4096.0,146.7,600883.2,0.432156,99.63,retrain_each_cycle
prefilter,4,u5e-02,True,True,prefilter,173,75,range,selected route/L/beamwidth,1.180059788,1.260451,99.32,1.1789582,4096.0,184.086,754016.256,1.234717,99.32,retrain_each_cycle
prefilter,4,u1e-01,True,True,prefilter,174,75,range,selected route/L/beamwidth,1.816132787,1.916314,98.9,1.861786046,4096.0,183.641,752193.536,1.9246020000000001,98.9,retrain_each_cycle
prefilter,4,u25,True,True,prefilter,175,250,range,selected route/L/beamwidth,4.250613191999999,4.612475000000001,98.57,4.038043248,4096.0,287.456,1177419.776,4.158275,98.57,retrain_each_cycle
prefilter,4,u30,True,True,prefilter,176,250,range,selected route/L/beamwidth,4.9651268250000005,5.142245,98.37,4.605477859,4096.0,287.372,1177075.712,4.783405,98.37,retrain_each_cycle
prefilter,4,u50,True,True,prefilter,177,300,range,selected route/L/beamwidth,7.891833011,8.190644,98.5,7.450315739,4096.0,344.157,1409667.072,7.655583,98.5,retrain_each_cycle
mixed,8,u75,True,True,graph,178,400,range,selected route/L/beamwidth,8.239188481,8.537785,98.3,5.681751891,4096.0,465.954,1908547.584,6.0111170000000005,98.3,retrain_each_cycle
mixed,4,u100,True,True,graph,179,300,range,selected route/L/beamwidth,6.345860069,6.598103,98.02,7.076235267,4096.0,353.095,1446277.12,7.393479,98.02,retrain_each_cycle
prefilter,4,u1e-03,True,True,prefilter,180,50,intersect,selected route/L/beamwidth,0.200273413,0.21806999999999999,99.97,0.202360568,4096.0,112.198,459563.008,0.2204,99.97,no_retrain_across_cycles
prefilter,4,u3e-03,True,True,prefilter,181,50,intersect,selected route/L/beamwidth,0.27022852599999997,0.29916699999999996,99.74,0.292736066,4096.0,113.317,464146.432,0.319753,99.74,no_retrain_across_cycles
prefilter,4,u1e-02,True,True,prefilter,182,75,intersect,selected route/L/beamwidth,0.545184259,0.59377,99.6,0.568451472,4096.0,147.78,605306.88,0.609891,99.6,no_retrain_across_cycles
prefilter,4,u5e-02,True,True,prefilter,183,50,intersect,selected route/L/beamwidth,1.452034978,1.509742,99.2,1.451262592,4096.0,184.752,756744.192,1.510117,99.2,no_retrain_across_cycles
prefilter,4,u1e-01,True,True,prefilter,184,50,intersect,selected route/L/beamwidth,2.1963606880000004,2.2773090000000002,98.79,2.2472766109999998,4096.0,184.496,755695.616,2.4131060000000004,98.79,no_retrain_across_cycles
prefilter,4,u25,True,True,prefilter,185,200,intersect,selected route/L/beamwidth,4.514959481,4.732336,98.07,4.2709698099999995,4096.0,230.422,943808.512,4.462532,98.07,no_retrain_across_cycles
prefilter,4,u30,True,True,prefilter,186,250,intersect,selected route/L/beamwidth,5.337834967,5.48318,98.55,5.088453692,4096.0,287.817,1178898.432,5.394103,98.55,no_retrain_across_cycles
prefilter,4,u50,True,True,prefilter,187,300,intersect,selected route/L/beamwidth,8.292069526999999,8.691455,98.43,7.6619338390000005,4096.0,346.148,1417822.208,8.072999,98.43,no_retrain_across_cycles
graph,8,u75,True,True,graph,188,450,intersect,selected route/L/beamwidth,9.155023813,9.517218000000002,98.12,6.387075937,4096.0,531.959,2178904.064,6.788408,98.12,no_retrain_across_cycles
graph,8,u100,True,True,graph,189,400,intersect,selected route/L/beamwidth,8.192582687,8.555439,98.26,5.747259068,4096.0,475.492,1947615.232,6.124560000000001,98.25,no_retrain_across_cycles
prefilter,4,u1e-03,True,True,prefilter,190,50,range,selected route/L/beamwidth,0.193901765,0.221435,99.97,0.198962485,4096.0,112.198,459563.008,0.213826,99.97,no_retrain_across_cycles
prefilter,4,u3e-03,True,True,prefilter,191,50,range,selected route/L/beamwidth,0.281830494,0.308938,99.74,0.302703915,4096.0,113.317,464146.432,0.32750599999999996,99.74,no_retrain_across_cycles
prefilter,4,u1e-02,True,True,prefilter,192,50,range,selected route/L/beamwidth,0.554548028,0.603583,99.6,0.5792773120000001,4096.0,147.78,605306.88,0.618679,99.6,no_retrain_across_cycles
prefilter,4,u5e-02,True,True,prefilter,193,100,range,selected route/L/beamwidth,1.4385015,1.512459,99.2,1.4780575759999999,4096.0,184.752,756744.192,1.5339079999999998,99.2,no_retrain_across_cycles
prefilter,4,u1e-01,True,True,prefilter,194,75,range,selected route/L/beamwidth,2.191369612,2.270306,98.79,2.22038206,4096.0,184.496,755695.616,2.2807370000000002,98.79,no_retrain_across_cycles
prefilter,4,u25,True,True,prefilter,195,200,range,selected route/L/beamwidth,4.612387232,5.003675,98.07,4.4429748920000005,4096.0,230.422,943808.512,4.7112680000000005,98.07,no_retrain_across_cycles
prefilter,4,u30,True,True,prefilter,196,250,range,selected route/L/beamwidth,5.380034128,5.5390690000000005,98.55,5.067600431,4096.0,287.817,1178898.432,5.361958,98.55,no_retrain_across_cycles
prefilter,4,u50,True,True,prefilter,197,300,range,selected route/L/beamwidth,8.170753721,8.479965,98.43,7.826280059,4096.0,346.148,1417822.208,8.202767,98.43,no_retrain_across_cycles
mixed,8,u75,True,True,graph,198,450,range,selected route/L/beamwidth,9.321992047,9.680664,98.12,6.465933154,4096.0,531.927,2178772.992,6.872328,98.12,no_retrain_across_cycles
mixed,8,u100,True,True,graph,199,400,range,selected route/L/beamwidth,8.381649611999999,8.738907999999999,98.26,5.817345733,4096.0,475.563,1947906.048,6.22226,98.26,no_retrain_across_cycles
