bucket,cycle_idx,evidence_source,no_retrain_avg_latency_ms,no_retrain_p95_latency_ms,no_retrain_recall,selector_type,status,strategy_variant,trigger_reasons,triggered_retrain_L,triggered_retrain_avg_latency_ms,triggered_retrain_p95_latency_ms,triggered_retrain_recall,triggered_retrain_route
u50,0,targeted_compare,7.717307715,8.068857,98.99,intersect,ok,,replacement_ratio>=0.60,300,6.824179665,7.128385000000001,98.54,prefilter
u75,0,targeted_compare,10.433474809,10.723724,98.07,intersect,ok,,avg>=10ms,400,8.245579198,8.519176,98.37,graph
u100,0,targeted_compare,9.534522831,9.578671,98.25,intersect,ok,,replacement_ratio>=0.60,400,8.43991611,8.681623,98.82,graph
u50,0,targeted_compare,7.556360116,7.839619,99.1,range,ok,,replacement_ratio>=0.60,400,7.30204489,7.552907,99.21,prefilter
u75,0,targeted_compare,10.409550777,10.664494000000001,98.07,range,ok,,avg>=10ms,400,8.280061992,8.568522000000002,98.37,graph
u100,0,targeted_compare,9.894150525999999,9.695784999999999,98.25,range,ok,,replacement_ratio>=0.60,400,8.331749998,8.620655000000001,98.82,graph
u50,1,targeted_compare,7.443915515,7.935393,98.78,intersect,ok,,replacement_ratio>=0.60,250,7.0808025070000005,7.377523,98.44,prefilter
u75,1,targeted_compare,10.665493099999999,10.936825,98.63,intersect,ok,,avg>=10ms,400,8.387992708,8.712087,98.73,graph
u100,1,targeted_compare,10.57111508,10.946423000000001,98.22,intersect,ok,,avg>=10ms,400,8.519071873000001,8.590252,99.02,graph
u50,1,targeted_compare,7.607447753000001,8.091965,98.95,range,ok,,replacement_ratio>=0.60,300,7.234139977,7.732241,98.84,prefilter
u75,1,targeted_compare,10.467618013,10.757614,98.2,range,ok,,avg>=10ms,400,8.454311268,8.759255999999999,98.73,graph
u100,1,targeted_compare,10.502130655,10.796381,98.22,range,ok,,avg>=10ms,300,6.377880805,6.673674,98.29,graph
u50,2,targeted_compare,7.5229888140000005,7.95364,98.81,intersect,ok,,replacement_ratio>=0.60,400,7.138603077,7.493466000000001,99.32,prefilter
u75,2,targeted_compare,10.531196757,10.904129000000001,98.64,intersect,ok,,avg>=10ms,400,7.965088702,8.247084000000001,98.44,graph
u100,2,targeted_compare,9.886673294,10.556961,98.06,intersect,ok,,replacement_ratio>=0.60,300,6.404658040999999,6.569342,98.15,graph
u50,2,targeted_compare,7.440582417,7.656733,98.64,range,ok,,replacement_ratio>=0.60,250,7.147108636,7.4933890000000005,98.24,prefilter
u75,2,targeted_compare,10.800013434,11.144986000000001,98.72,range,ok,,avg>=10ms,400,8.451665706,8.676072,98.44,graph
u100,2,targeted_compare,9.886068126,10.009074,98.06,range,ok,,replacement_ratio>=0.60,300,6.384073727,6.659131,98.15,graph
u50,3,targeted_compare,7.660334107,7.919631000000001,98.19,intersect,ok,,replacement_ratio>=0.60,400,7.305167296,7.5124759999999995,98.37,prefilter
u75,3,targeted_compare,10.604368463999998,10.944434,98.0,intersect,ok,,avg>=10ms,450,9.236334451000001,9.497236999999998,98.1,graph
u100,3,targeted_compare,13.58434499,14.014262,98.09,intersect,ok,,avg>=10ms,400,8.264237006,8.519478,98.17,graph
u50,3,targeted_compare,7.715221631,7.899974,98.19,range,ok,,replacement_ratio>=0.60,400,7.338325148,7.509184,98.37,prefilter
u75,3,targeted_compare,10.667494176,10.983238,98.23,range,ok,,avg>=10ms,450,9.177440117,9.393771000000001,98.1,graph
u100,3,targeted_compare,13.616331015,14.003057,98.09,range,ok,,avg>=10ms,400,8.313764534,8.576129000000002,98.17,graph
u50,1,chain_compare,,,,intersect,ok,triggered_retrain_chain,,250,7.053652799,7.332674,98.01,prefilter
u75,1,chain_compare,,,,intersect,ok,triggered_retrain_chain,,400,8.302281693000001,8.52625,98.55,graph
u100,1,chain_compare,,,,intersect,ok,triggered_retrain_chain,,300,6.4416900340000005,6.567439,98.07,graph
u50,1,chain_compare,,,,range,ok,triggered_retrain_chain,,250,7.10906051,7.363102,98.01,prefilter
u75,1,chain_compare,,,,range,ok,triggered_retrain_chain,,400,8.372769011,8.780539000000001,98.55,graph
u100,1,chain_compare,,,,range,ok,triggered_retrain_chain,,300,6.338615152,6.5865100000000005,98.07,graph
u50,2,chain_compare,,,,intersect,ok,triggered_retrain_chain,,250,6.987360888,7.150656,98.17,prefilter
u75,2,chain_compare,,,,intersect,ok,triggered_retrain_chain,,400,8.367317274000001,8.674597,98.37,graph
u100,2,chain_compare,,,,intersect,ok,triggered_retrain_chain,,300,6.699522661,6.90124,98.14,graph
u50,2,chain_compare,,,,range,ok,triggered_retrain_chain,,250,6.97271239,7.349155,98.17,prefilter
u75,2,chain_compare,,,,range,ok,triggered_retrain_chain,,400,8.35846806,8.618555,98.37,graph
u100,2,chain_compare,,,,range,ok,triggered_retrain_chain,,300,6.402587788,6.618736,98.14,graph
u50,3,chain_compare,,,,intersect,ok,triggered_retrain_chain,,450,7.3870440230000005,7.547962,98.51,prefilter
u75,3,chain_compare,,,,intersect,ok,triggered_retrain_chain,,450,9.277227027,9.559427,98.14,graph
u100,3,chain_compare,,,,intersect,ok,triggered_retrain_chain,,400,8.238046273,8.487034,98.15,graph
u50,3,chain_compare,,,,range,ok,triggered_retrain_chain,,400,7.298765343,7.594640999999999,98.21,prefilter
u75,3,chain_compare,,,,range,ok,triggered_retrain_chain,,450,9.420427214,9.628272,98.14,graph
u100,3,chain_compare,,,,range,ok,triggered_retrain_chain,,400,8.349098656,8.552513000000001,98.16,graph
u50,4,chain_compare,,,,intersect,ok,triggered_retrain_chain,,300,7.007639961,7.300002999999999,98.53,prefilter
u75,4,chain_compare,,,,intersect,ok,triggered_retrain_chain,,400,8.387006126000001,8.665895,98.19,graph
u100,4,chain_compare,,,,intersect,ok,triggered_retrain_chain,,300,6.362787496,6.659549,98.01,graph
u50,4,chain_compare,,,,range,ok,triggered_retrain_chain,,250,7.075764028,7.299078000000001,98.08,prefilter
u75,4,chain_compare,,,,range,ok,triggered_retrain_chain,,400,8.669265691,8.731922,98.19,graph
u100,4,chain_compare,,,,range,ok,triggered_retrain_chain,,300,6.50328874,8.442593,98.01,graph
u50,5,chain_compare,,,,intersect,ok,triggered_retrain_chain,,300,7.126010559,7.358408000000001,98.49,prefilter
u75,5,chain_compare,,,,intersect,ok,triggered_retrain_chain,,400,8.273065268,8.525371999999999,98.54,graph
u100,5,chain_compare,,,,intersect,ok,triggered_retrain_chain,,300,6.356261268,6.574344,98.24,graph
u50,5,chain_compare,,,,range,ok,triggered_retrain_chain,,300,7.0548748670000005,7.429792,98.49,prefilter
u75,5,chain_compare,,,,range,ok,triggered_retrain_chain,,400,8.406848715,8.577449,98.54,graph
u100,5,chain_compare,,,,range,ok,triggered_retrain_chain,,300,6.426686388,6.766237,98.24,graph
